Numero di storicizzazione,Cantone,Numero del Distretto,Nome del Distretto,Numero UST del Comune,Nome del Comune
13256,ZH,101,Affoltern,1,Aeugst am Albis
11742,ZH,101,Affoltern,2,Affoltern am Albis
11801,ZH,101,Affoltern,3,Bonstetten
11992,ZH,101,Affoltern,4,Hausen am Albis
12249,ZH,101,Affoltern,5,Hedingen
12671,ZH,101,Affoltern,6,Kappel am Albis
12674,ZH,101,Affoltern,7,Knonau
12738,ZH,101,Affoltern,8,Maschwanden
12433,ZH,101,Affoltern,9,Mettmenstetten
12497,ZH,101,Affoltern,10,Obfelden
13124,ZH,101,Affoltern,11,Ottenbach
12891,ZH,101,Affoltern,12,Rifferswil
10575,ZH,101,Affoltern,13,Stallikon
13255,ZH,101,Affoltern,14,Wettswil am Albis
11862,ZH,102,Andelfingen,22,Benken (ZH)
11855,ZH,102,Andelfingen,23,Berg am Irchel
15513,ZH,102,Andelfingen,24,Buch am Irchel
11573,ZH,102,Andelfingen,25,Dachsen
12182,ZH,102,Andelfingen,26,Dorf
11973,ZH,102,Andelfingen,27,Feuerthalen
11997,ZH,102,Andelfingen,28,Flaach
11935,ZH,102,Andelfingen,29,Flurlingen
12240,ZH,102,Andelfingen,31,Henggart
12699,ZH,102,Andelfingen,33,Kleinandelfingen
12635,ZH,102,Andelfingen,34,Laufen-Uhwiesen
12742,ZH,102,Andelfingen,35,Marthalen
13128,ZH,102,Andelfingen,37,Ossingen
12912,ZH,102,Andelfingen,38,Rheinau
10563,ZH,102,Andelfingen,39,Thalheim an der Thur
10898,ZH,102,Andelfingen,40,Trullikon
10899,ZH,102,Andelfingen,41,Truttikon
10365,ZH,102,Andelfingen,43,Volken
11683,ZH,103,Bulach,51,Bachenbulach
11685,ZH,103,Bulach,52,Bassersdorf
11461,ZH,103,Bulach,53,Bulach
11563,ZH,103,Bulach,54,Dietlikon
12168,ZH,103,Bulach,55,Eglisau
12292,ZH,103,Bulach,56,Embrach
11960,ZH,103,Bulach,57,Freienstein-Teufen
12056,ZH,103,Bulach,58,Glattfelden
12166,ZH,103,Bulach,59,Hochfelden
12220,ZH,103,Bulach,60,Hori
12178,ZH,103,Bulach,61,Huntwangen
12673,ZH,103,Bulach,62,Kloten
12720,ZH,103,Bulach,63,Lufingen
12547,ZH,103,Bulach,64,Nurensdorf
12524,ZH,103,Bulach,65,Oberembrach
12483,ZH,103,Bulach,66,Opfikon
13090,ZH,103,Bulach,67,Rafz
12919,ZH,103,Bulach,68,Rorbas
10451,ZH,103,Bulach,69,Wallisellen
10443,ZH,103,Bulach,70,Wasterkingen
10268,ZH,103,Bulach,71,Wil (ZH)
10331,ZH,103,Bulach,72,Winkel
11704,ZH,104,Dielsdorf,81,Bachs
11786,ZH,104,Dielsdorf,82,Boppelsen
11456,ZH,104,Dielsdorf,83,Buchs (ZH)
11578,ZH,104,Dielsdorf,84,Dallikon
11581,ZH,104,Dielsdorf,85,Danikon
11567,ZH,104,Dielsdorf,86,Dielsdorf
12181,ZH,104,Dielsdorf,87,Huttikon
12537,ZH,104,Dielsdorf,88,Neerach
12534,ZH,104,Dielsdorf,89,Niederglatt
12560,ZH,104,Dielsdorf,90,Niederhasli
12568,ZH,104,Dielsdorf,91,Niederweningen
12469,ZH,104,Dielsdorf,92,Oberglatt
12447,ZH,104,Dielsdorf,93,Oberweningen
13126,ZH,104,Dielsdorf,94,Otelfingen
13166,ZH,104,Dielsdorf,95,Regensberg
13168,ZH,104,Dielsdorf,96,Regensdorf
12834,ZH,104,Dielsdorf,97,Rumlang
13046,ZH,104,Dielsdorf,98,Schleinikon
13037,ZH,104,Dielsdorf,99,Schofflisdorf
10383,ZH,104,Dielsdorf,100,Stadel
10597,ZH,104,Dielsdorf,101,Steinmaur
10448,ZH,104,Dielsdorf,102,Weiach
11709,ZH,105,Hinwil,111,Baretswil
11478,ZH,105,Hinwil,112,Bubikon
12159,ZH,105,Hinwil,113,Durnten
12002,ZH,105,Hinwil,114,Fischenthal
12023,ZH,105,Hinwil,115,Gossau (ZH)
11970,ZH,105,Hinwil,116,Gruningen
12156,ZH,105,Hinwil,117,Hinwil
12883,ZH,105,Hinwil,118,Ruti (ZH)
12951,ZH,105,Hinwil,119,Seegraben
10459,ZH,105,Hinwil,120,Wald (ZH)
10277,ZH,105,Hinwil,121,Wetzikon (ZH)
11745,ZH,106,Horgen,131,Adliswil
12701,ZH,106,Horgen,135,Kilchberg (ZH)
12637,ZH,106,Horgen,136,Langnau am Albis
12461,ZH,106,Horgen,137,Oberrieden
12907,ZH,106,Horgen,138,Richterswil
12832,ZH,106,Horgen,139,Ruschlikon
10691,ZH,106,Horgen,141,Thalwil
12301,ZH,107,Meilen,151,Erlenbach (ZH)
12316,ZH,107,Meilen,152,Herrliberg
12143,ZH,107,Meilen,153,Hombrechtikon
12592,ZH,107,Meilen,154,Kusnacht (ZH)
12754,ZH,107,Meilen,155,Mannedorf
12408,ZH,107,Meilen,156,Meilen
12501,ZH,107,Meilen,157,Oetwil am See
10363,ZH,107,Meilen,158,Stafa
13259,ZH,107,Meilen,159,Uetikon am See
10326,ZH,107,Meilen,160,Zumikon
13683,ZH,107,Meilen,161,Zollikon
11989,ZH,108,Pfaffikon,172,Fehraltorf
12161,ZH,108,Pfaffikon,173,Hittnau
12821,ZH,108,Pfaffikon,176,Lindau
13137,ZH,108,Pfaffikon,177,Pfaffikon
12831,ZH,108,Pfaffikon,178,Russikon
10389,ZH,108,Pfaffikon,180,Weisslingen
10242,ZH,108,Pfaffikon,181,Wila
10334,ZH,108,Pfaffikon,182,Wildberg
12205,ZH,109,Uster,191,Dubendorf
12123,ZH,109,Uster,192,Egg
12248,ZH,109,Uster,193,Fallanden
12073,ZH,109,Uster,194,Greifensee
12620,ZH,109,Uster,195,Maur
12427,ZH,109,Uster,196,Monchaltorf
12956,ZH,109,Uster,197,Schwerzenbach
10940,ZH,109,Uster,198,Uster
10368,ZH,109,Uster,199,Volketswil
13250,ZH,109,Uster,200,Wangen-Bruttisellen
11777,ZH,110,Winterthur,211,Altikon
11467,ZH,110,Winterthur,213,Brutten
11574,ZH,110,Winterthur,214,Dagerlen
11583,ZH,110,Winterthur,215,Dattlikon
11565,ZH,110,Winterthur,216,Dinhard
12144,ZH,110,Winterthur,218,Ellikon an der Thur
12294,ZH,110,Winterthur,219,Elsau
12001,ZH,110,Winterthur,220,Hagenbuch
12283,ZH,110,Winterthur,221,Hettlingen
15514,ZH,110,Winterthur,223,Neftenbach
13145,ZH,110,Winterthur,224,Pfungen
12889,ZH,110,Winterthur,225,Rickenbach (ZH)
14120,ZH,110,Winterthur,226,Schlatt (ZH)
12977,ZH,110,Winterthur,227,Seuzach
10857,ZH,110,Winterthur,228,Turbenthal
10347,ZH,110,Winterthur,230,Winterthur
10312,ZH,110,Winterthur,231,Zell (ZH)
14365,ZH,111,Dietikon,241,Aesch (ZH)
13690,ZH,111,Dietikon,242,Birmensdorf (ZH)
13691,ZH,111,Dietikon,243,Dietikon
13692,ZH,111,Dietikon,244,Geroldswil
13693,ZH,111,Dietikon,245,Oberengstringen
13694,ZH,111,Dietikon,246,Oetwil an der Limmat
13695,ZH,111,Dietikon,247,Schlieren
13696,ZH,111,Dietikon,248,Uitikon
13697,ZH,111,Dietikon,249,Unterengstringen
13698,ZH,111,Dietikon,250,Urdorf
13699,ZH,111,Dietikon,251,Weiningen (ZH)
13688,ZH,112,Zurich,261,Zurich
16621,ZH,102,Andelfingen,291,Andelfingen
16122,ZH,102,Andelfingen,292,Stammheim
16123,ZH,106,Horgen,293,Wadenswil
16081,ZH,110,Winterthur,294,Elgg
16080,ZH,106,Horgen,295,Horgen
15671,ZH,108,Pfaffikon,296,Illnau-Effretikon
15653,ZH,108,Pfaffikon,297,Bauma
15631,ZH,110,Winterthur,298,Wiesendangen
14995,BE,243,Seeland,301,Aarberg
14996,BE,243,Seeland,302,Bargen (BE)
14997,BE,243,Seeland,303,Grossaffoltern
16124,BE,243,Seeland,304,Kallnach
14999,BE,243,Seeland,305,Kappelen
15474,BE,243,Seeland,306,Lyss
15001,BE,246,Bern-Mittelland,307,Meikirch
15003,BE,243,Seeland,309,Radelfingen
15672,BE,243,Seeland,310,Rapperswil (BE)
15005,BE,243,Seeland,311,Schupfen
15006,BE,243,Seeland,312,Seedorf (BE)
15007,BE,244,Oberaargau,321,Aarwangen
15008,BE,244,Oberaargau,322,Auswil
15009,BE,244,Oberaargau,323,Bannwil
15010,BE,244,Oberaargau,324,Bleienbach
15011,BE,244,Oberaargau,325,Busswil bei Melchnau
15012,BE,244,Oberaargau,326,Gondiswil
16606,BE,244,Oberaargau,329,Langenthal
15015,BE,244,Oberaargau,331,Lotzwil
15475,BE,244,Oberaargau,332,Madiswil
15017,BE,244,Oberaargau,333,Melchnau
15019,BE,244,Oberaargau,335,Oeschenbach
15020,BE,244,Oberaargau,336,Reisiswil
15021,BE,244,Oberaargau,337,Roggwil (BE)
15022,BE,244,Oberaargau,338,Rohrbach
15023,BE,244,Oberaargau,339,Rohrbachgraben
15024,BE,244,Oberaargau,340,Rutschelen
15025,BE,244,Oberaargau,341,Schwarzhausern
15026,BE,244,Oberaargau,342,Thunstetten
15027,BE,244,Oberaargau,344,Ursenbach
15028,BE,244,Oberaargau,345,Wynau
15029,BE,246,Bern-Mittelland,351,Bern
15030,BE,246,Bern-Mittelland,352,Bolligen
15031,BE,246,Bern-Mittelland,353,Bremgarten bei Bern
15032,BE,246,Bern-Mittelland,354,Kirchlindach
15033,BE,246,Bern-Mittelland,355,Koniz
15034,BE,246,Bern-Mittelland,356,Muri bei Bern
15035,BE,246,Bern-Mittelland,357,Oberbalm
15036,BE,246,Bern-Mittelland,358,Stettlen
15037,BE,246,Bern-Mittelland,359,Vechigen
15038,BE,246,Bern-Mittelland,360,Wohlen bei Bern
15039,BE,246,Bern-Mittelland,361,Zollikofen
15040,BE,246,Bern-Mittelland,362,Ittigen
15041,BE,246,Bern-Mittelland,363,Ostermundigen
15042,BE,242,Biel/Bienne,371,Biel/Bienne
15043,BE,242,Biel/Bienne,372,Evilard
15044,BE,243,Seeland,381,Arch
15045,BE,243,Seeland,382,Buetigen
15046,BE,243,Seeland,383,Buren an der Aare
15048,BE,243,Seeland,385,Diessbach bei Buren
15049,BE,243,Seeland,386,Dotzigen
15050,BE,242,Biel/Bienne,387,Lengnau (BE)
15051,BE,243,Seeland,388,Leuzigen
15052,BE,243,Seeland,389,Meienried
15053,BE,242,Biel/Bienne,390,Meinisberg
15054,BE,243,Seeland,391,Oberwil bei Buren
15055,BE,242,Biel/Bienne,392,Pieterlen
15056,BE,243,Seeland,393,Ruti bei Buren
15057,BE,243,Seeland,394,Wengi
15058,BE,245,Emmental,401,Aefligen
15059,BE,245,Emmental,402,Alchenstorf
15060,BE,246,Bern-Mittelland,403,Bariswil
15061,BE,245,Emmental,404,Burgdorf
15673,BE,245,Emmental,405,Ersigen
15063,BE,245,Emmental,406,Hasle bei Burgdorf
15064,BE,245,Emmental,407,Heimiswil
15065,BE,245,Emmental,408,Hellsau
16607,BE,245,Emmental,409,Hindelbank
15067,BE,245,Emmental,410,Hochstetten
15068,BE,245,Emmental,411,Kernenried
15069,BE,245,Emmental,412,Kirchberg (BE)
15070,BE,245,Emmental,413,Koppigen
15071,BE,245,Emmental,414,Krauchthal
15072,BE,245,Emmental,415,Lyssach
15075,BE,245,Emmental,418,Oberburg
15077,BE,245,Emmental,420,Rudtligen-Alchenfluh
15078,BE,245,Emmental,421,Rumendingen
15079,BE,245,Emmental,422,Ruti bei Lyssach
15080,BE,245,Emmental,423,Willadingen
15081,BE,245,Emmental,424,Wynigen
15082,BE,241,Jura bernois,431,Corgemont
15083,BE,241,Jura bernois,432,Cormoret
15084,BE,241,Jura bernois,433,Cortebert
15085,BE,241,Jura bernois,434,Courtelary
15086,BE,241,Jura bernois,435,La Ferriere
15088,BE,241,Jura bernois,437,Mont-Tramelan
15089,BE,241,Jura bernois,438,Orvin
15092,BE,241,Jura bernois,441,Renan (BE)
15093,BE,241,Jura bernois,442,Romont (BE)
15094,BE,241,Jura bernois,443,Saint-Imier
15095,BE,241,Jura bernois,444,Sonceboz-Sombeval
15096,BE,241,Jura bernois,445,Sonvilier
15097,BE,241,Jura bernois,446,Tramelan
15099,BE,241,Jura bernois,448,Villeret
15632,BE,241,Jura bernois,449,Sauge
15658,BE,241,Jura bernois,450,Pery-La Heutte
15100,BE,243,Seeland,491,Bruttelen
15101,BE,243,Seeland,492,Erlach
15102,BE,243,Seeland,493,Finsterhennen
15103,BE,243,Seeland,494,Gals
15104,BE,243,Seeland,495,Gampelen
15105,BE,243,Seeland,496,Ins
15106,BE,243,Seeland,497,Luscherz
15107,BE,243,Seeland,498,Muntschemier
15108,BE,243,Seeland,499,Siselen
15109,BE,243,Seeland,500,Treiten
15110,BE,243,Seeland,501,Tschugg
15111,BE,243,Seeland,502,Vinelz
15113,BE,245,Emmental,533,Batterkinden
15115,BE,246,Bern-Mittelland,535,Deisswil bei Munchenbuchsee
15633,BE,246,Bern-Mittelland,538,Fraubrunnen
15634,BE,246,Bern-Mittelland,540,Jegenstorf
15120,BE,246,Bern-Mittelland,541,Iffwil
15122,BE,246,Bern-Mittelland,543,Mattstetten
15123,BE,246,Bern-Mittelland,544,Moosseedorf
16622,BE,246,Bern-Mittelland,546,Munchenbuchsee
15130,BE,246,Bern-Mittelland,551,Urtenen-Schonbuhl
15131,BE,245,Emmental,552,Utzenstorf
15132,BE,246,Bern-Mittelland,553,Wiggiswil
15133,BE,245,Emmental,554,Wiler bei Utzenstorf
15135,BE,245,Emmental,556,Zielebach
15136,BE,246,Bern-Mittelland,557,Zuzwil (BE)
15137,BE,249,Frutigen-Niedersimmental,561,Adelboden
15138,BE,249,Frutigen-Niedersimmental,562,Aeschi bei Spiez
15139,BE,249,Frutigen-Niedersimmental,563,Frutigen
15140,BE,249,Frutigen-Niedersimmental,564,Kandergrund
15141,BE,249,Frutigen-Niedersimmental,565,Kandersteg
15142,BE,249,Frutigen-Niedersimmental,566,Krattigen
15143,BE,249,Frutigen-Niedersimmental,567,Reichenbach im Kandertal
15144,BE,250,Interlaken-Oberhasli,571,Beatenberg
15145,BE,250,Interlaken-Oberhasli,572,Bonigen
15146,BE,250,Interlaken-Oberhasli,573,Brienz (BE)
15147,BE,250,Interlaken-Oberhasli,574,Brienzwiler
15148,BE,250,Interlaken-Oberhasli,575,Darligen
15149,BE,250,Interlaken-Oberhasli,576,Grindelwald
15150,BE,250,Interlaken-Oberhasli,577,Gsteigwiler
15151,BE,250,Interlaken-Oberhasli,578,Gundlischwand
15152,BE,250,Interlaken-Oberhasli,579,Habkern
15153,BE,250,Interlaken-Oberhasli,580,Hofstetten bei Brienz
15154,BE,250,Interlaken-Oberhasli,581,Interlaken
15155,BE,250,Interlaken-Oberhasli,582,Iseltwald
15156,BE,250,Interlaken-Oberhasli,584,Lauterbrunnen
15157,BE,250,Interlaken-Oberhasli,585,Leissigen
15158,BE,250,Interlaken-Oberhasli,586,Lutschental
15159,BE,250,Interlaken-Oberhasli,587,Matten bei Interlaken
15160,BE,250,Interlaken-Oberhasli,588,Niederried bei Interlaken
15161,BE,250,Interlaken-Oberhasli,589,Oberried am Brienzersee
15162,BE,250,Interlaken-Oberhasli,590,Ringgenberg (BE)
15163,BE,250,Interlaken-Oberhasli,591,Saxeten
15164,BE,250,Interlaken-Oberhasli,592,Schwanden bei Brienz
15165,BE,250,Interlaken-Oberhasli,593,Unterseen
15166,BE,250,Interlaken-Oberhasli,594,Wilderswil
15167,BE,246,Bern-Mittelland,602,Arni (BE)
15168,BE,246,Bern-Mittelland,603,Biglen
15170,BE,246,Bern-Mittelland,605,Bowil
15171,BE,246,Bern-Mittelland,606,Brenzikofen
15172,BE,246,Bern-Mittelland,607,Freimettigen
16082,BE,246,Bern-Mittelland,608,Grosshochstetten
15174,BE,246,Bern-Mittelland,609,Hautligen
15175,BE,246,Bern-Mittelland,610,Herbligen
15176,BE,246,Bern-Mittelland,611,Kiesen
15177,BE,246,Bern-Mittelland,612,Konolfingen
15178,BE,246,Bern-Mittelland,613,Landiswil
15179,BE,246,Bern-Mittelland,614,Linden
15180,BE,246,Bern-Mittelland,615,Mirchel
15688,BE,246,Bern-Mittelland,616,Munsingen
15182,BE,246,Bern-Mittelland,617,Niederhunigen
15635,BE,246,Bern-Mittelland,619,Oberdiessbach
15183,BE,246,Bern-Mittelland,620,Oberthal
15184,BE,246,Bern-Mittelland,622,Oppligen
15185,BE,246,Bern-Mittelland,623,Rubigen
15188,BE,246,Bern-Mittelland,626,Walkringen
15189,BE,246,Bern-Mittelland,627,Worb
15190,BE,246,Bern-Mittelland,628,Zaziwil
15191,BE,246,Bern-Mittelland,629,Oberhunigen
15192,BE,246,Bern-Mittelland,630,Allmendingen
15194,BE,246,Bern-Mittelland,632,Wichtrach
15196,BE,246,Bern-Mittelland,662,Ferenbalm
15197,BE,246,Bern-Mittelland,663,Frauenkappelen
15199,BE,246,Bern-Mittelland,665,Gurbru
15200,BE,246,Bern-Mittelland,666,Kriechenwil
15201,BE,246,Bern-Mittelland,667,Laupen
15202,BE,246,Bern-Mittelland,668,Muhleberg
15203,BE,246,Bern-Mittelland,669,Munchenwiler
15204,BE,246,Bern-Mittelland,670,Neuenegg
15205,BE,246,Bern-Mittelland,671,Wileroltigen
15206,BE,241,Jura bernois,681,Belprahon
15208,BE,241,Jura bernois,683,Champoz
15210,BE,241,Jura bernois,687,Corcelles (BE)
15211,BE,241,Jura bernois,690,Court
15212,BE,241,Jura bernois,691,Cremines
15213,BE,241,Jura bernois,692,Eschert
15214,BE,241,Jura bernois,694,Grandval
15215,BE,241,Jura bernois,696,Loveresse
15218,BE,241,Jura bernois,700,Moutier
15219,BE,241,Jura bernois,701,Perrefitte
15221,BE,241,Jura bernois,703,Reconvilier
15222,BE,241,Jura bernois,704,Roches (BE)
15223,BE,241,Jura bernois,706,Saicourt
15224,BE,241,Jura bernois,707,Saules (BE)
15225,BE,241,Jura bernois,708,Schelten
15226,BE,241,Jura bernois,709,Seehof
15228,BE,241,Jura bernois,711,Sorvilier
15230,BE,241,Jura bernois,713,Tavannes
15231,BE,241,Jura bernois,715,Rebevelier
15662,BE,241,Jura bernois,716,Petit-Val
15661,BE,241,Jura bernois,717,Valbirse
15234,BE,241,Jura bernois,723,La Neuveville
15235,BE,241,Jura bernois,724,Nods
15636,BE,241,Jura bernois,726,Plateau de Diesse
15237,BE,242,Biel/Bienne,731,Aegerten
15238,BE,242,Biel/Bienne,732,Bellmund
15239,BE,242,Biel/Bienne,733,Brugg
15240,BE,243,Seeland,734,Buhl
15241,BE,243,Seeland,735,Epsach
15242,BE,243,Seeland,736,Hagneck
15243,BE,243,Seeland,737,Hermrigen
15244,BE,243,Seeland,738,Jens
15245,BE,242,Biel/Bienne,739,Ipsach
15246,BE,242,Biel/Bienne,740,Ligerz
15247,BE,243,Seeland,741,Merzligen
15248,BE,242,Biel/Bienne,742,Morigen
15249,BE,242,Biel/Bienne,743,Nidau
15250,BE,242,Biel/Bienne,744,Orpund
15251,BE,242,Biel/Bienne,745,Port
15252,BE,242,Biel/Bienne,746,Safnern
15253,BE,242,Biel/Bienne,747,Scheuren
15254,BE,242,Biel/Bienne,748,Schwadernau
15255,BE,243,Seeland,749,Studen (BE)
15256,BE,242,Biel/Bienne,750,Sutz-Lattrigen
15257,BE,243,Seeland,751,Tauffelen
15258,BE,243,Seeland,754,Walperswil
15259,BE,243,Seeland,755,Worben
14978,BE,242,Biel/Bienne,756,Twann-Tuscherz
15260,BE,249,Frutigen-Niedersimmental,761,Darstetten
15261,BE,249,Frutigen-Niedersimmental,762,Diemtigen
15262,BE,249,Frutigen-Niedersimmental,763,Erlenbach im Simmental
15265,BE,249,Frutigen-Niedersimmental,766,Oberwil im Simmental
15266,BE,247,Thun,767,Reutigen
15267,BE,249,Frutigen-Niedersimmental,768,Spiez
15268,BE,249,Frutigen-Niedersimmental,769,Wimmis
15637,BE,247,Thun,770,Stocken-Hofen
15270,BE,250,Interlaken-Oberhasli,782,Guttannen
15271,BE,250,Interlaken-Oberhasli,783,Hasliberg
15638,BE,250,Interlaken-Oberhasli,784,Innertkirchen
15273,BE,250,Interlaken-Oberhasli,785,Meiringen
15274,BE,250,Interlaken-Oberhasli,786,Schattenhalb
15275,BE,248,Obersimmental-Saanen,791,Boltigen
15276,BE,248,Obersimmental-Saanen,792,Lenk
15277,BE,248,Obersimmental-Saanen,793,St. Stephan
15278,BE,248,Obersimmental-Saanen,794,Zweisimmen
15279,BE,248,Obersimmental-Saanen,841,Gsteig
15280,BE,248,Obersimmental-Saanen,842,Lauenen
15281,BE,248,Obersimmental-Saanen,843,Saanen
15283,BE,246,Bern-Mittelland,852,Guggisberg
15284,BE,246,Bern-Mittelland,853,Ruschegg
15476,BE,246,Bern-Mittelland,855,Schwarzenburg
15498,BE,246,Bern-Mittelland,861,Belp
15288,BE,247,Thun,863,Burgistein
15290,BE,246,Bern-Mittelland,866,Gerzensee
15291,BE,247,Thun,867,Gurzelen
15292,BE,246,Bern-Mittelland,868,Jaberg
15293,BE,246,Bern-Mittelland,869,Kaufdorf
15294,BE,246,Bern-Mittelland,870,Kehrsatz
16083,BE,246,Bern-Mittelland,872,Kirchdorf (BE)
15301,BE,246,Bern-Mittelland,877,Niedermuhlern
16608,BE,246,Bern-Mittelland,879,Riggisberg
15304,BE,246,Bern-Mittelland,880,Rueggisberg
15306,BE,247,Thun,883,Seftigen
15307,BE,246,Bern-Mittelland,884,Toffen
15639,BE,247,Thun,885,Uttigen
15309,BE,247,Thun,886,Wattenwil
15310,BE,246,Bern-Mittelland,888,Wald (BE)
16128,BE,246,Bern-Mittelland,889,Thurnen
15311,BE,245,Emmental,901,Eggiwil
15312,BE,245,Emmental,902,Langnau im Emmental
15313,BE,245,Emmental,903,Lauperswil
15314,BE,245,Emmental,904,Rothenbach im Emmental
15315,BE,245,Emmental,905,Ruderswil
15316,BE,245,Emmental,906,Schangnau
15317,BE,245,Emmental,907,Signau
15318,BE,245,Emmental,908,Trub
15319,BE,245,Emmental,909,Trubschachen
15320,BE,247,Thun,921,Amsoldingen
15321,BE,247,Thun,922,Blumenstein
15322,BE,247,Thun,923,Buchholterberg
15323,BE,247,Thun,924,Eriz
15324,BE,247,Thun,925,Fahrni
15325,BE,247,Thun,927,Heiligenschwendi
15326,BE,247,Thun,928,Heimberg
15327,BE,247,Thun,929,Hilterfingen
15329,BE,247,Thun,931,Homberg
15330,BE,247,Thun,932,Horrenbach-Buchen
15331,BE,247,Thun,934,Oberhofen am Thunersee
15332,BE,247,Thun,935,Oberlangenegg
15333,BE,247,Thun,936,Pohlern
15335,BE,247,Thun,938,Sigriswil
16129,BE,247,Thun,939,Steffisburg
15337,BE,247,Thun,940,Teuffenthal (BE)
15338,BE,247,Thun,941,Thierachern
15339,BE,247,Thun,942,Thun
15340,BE,247,Thun,943,Uebeschi
15341,BE,247,Thun,944,Uetendorf
15342,BE,247,Thun,945,Unterlangenegg
15343,BE,247,Thun,946,Wachseldorn
15344,BE,247,Thun,947,Zwieselberg
15345,BE,247,Thun,948,Forst-Langenbuhl
15346,BE,245,Emmental,951,Affoltern im Emmental
15347,BE,245,Emmental,952,Durrenroth
15348,BE,244,Oberaargau,953,Eriswil
15349,BE,244,Oberaargau,954,Huttwil
15350,BE,245,Emmental,955,Lutzelfluh
15351,BE,245,Emmental,956,Ruegsau
15352,BE,245,Emmental,957,Sumiswald
15353,BE,245,Emmental,958,Trachselwald
15354,BE,244,Oberaargau,959,Walterswil (BE)
15355,BE,244,Oberaargau,960,Wyssachen
15356,BE,244,Oberaargau,971,Attiswil
15357,BE,244,Oberaargau,972,Berken
15477,BE,244,Oberaargau,973,Bettenhausen
15360,BE,244,Oberaargau,975,Farnern
15361,BE,244,Oberaargau,976,Graben
15362,BE,244,Oberaargau,977,Heimenhausen
15364,BE,244,Oberaargau,979,Herzogenbuchsee
15365,BE,244,Oberaargau,980,Inkwil
16130,BE,244,Oberaargau,981,Niederbipp
15367,BE,244,Oberaargau,982,Niederonz
15368,BE,244,Oberaargau,983,Oberbipp
15369,BE,244,Oberaargau,985,Ochlenberg
15370,BE,244,Oberaargau,987,Rumisberg
15674,BE,244,Oberaargau,988,Seeberg
15372,BE,244,Oberaargau,989,Thorigen
15373,BE,244,Oberaargau,990,Walliswil bei Niederbipp
15374,BE,244,Oberaargau,991,Walliswil bei Wangen
15375,BE,244,Oberaargau,992,Wangen an der Aare
15376,BE,244,Oberaargau,993,Wangenried
15377,BE,244,Oberaargau,995,Wiedlisbach
15557,LU,316,Entlebuch,1001,Doppleschwand
15561,LU,316,Entlebuch,1002,Entlebuch
15543,LU,316,Entlebuch,1004,Fluhli
15547,LU,316,Entlebuch,1005,Hasle (LU)
15582,LU,316,Entlebuch,1007,Romoos
15585,LU,316,Entlebuch,1008,Schupfheim
15522,LU,316,Entlebuch,1009,Werthenstein
15518,LU,316,Entlebuch,1010,Escholzmatt-Marbach
15539,LU,313,Hochdorf,1021,Aesch (LU)
15536,LU,313,Hochdorf,1023,Ballwil
15563,LU,313,Hochdorf,1024,Emmen
15564,LU,313,Hochdorf,1025,Ermensee
15560,LU,313,Hochdorf,1026,Eschenbach (LU)
16590,LU,313,Hochdorf,1030,Hitzkirch
15556,LU,313,Hochdorf,1031,Hochdorf
15597,LU,313,Hochdorf,1032,Hohenrain
15574,LU,313,Hochdorf,1033,Inwil
15590,LU,313,Hochdorf,1037,Rain
15592,LU,313,Hochdorf,1039,Romerswil
15579,LU,313,Hochdorf,1040,Rothenburg
15586,LU,313,Hochdorf,1041,Schongau
15538,LU,312,Luzern-Land,1051,Adligenswil
15532,LU,312,Luzern-Land,1052,Buchrain
15535,LU,312,Luzern-Land,1053,Dierikon
15552,LU,312,Luzern-Land,1054,Ebikon
15550,LU,312,Luzern-Land,1055,Gisikon
15551,LU,312,Luzern-Land,1056,Greppen
15558,LU,312,Luzern-Land,1057,Honau
15559,LU,312,Luzern-Land,1058,Horw
15576,LU,312,Luzern-Land,1059,Kriens
15600,LU,311,Luzern-Stadt,1061,Luzern
15578,LU,312,Luzern-Land,1062,Malters
15568,LU,312,Luzern-Land,1063,Meggen
15567,LU,312,Luzern-Land,1064,Meierskappel
15581,LU,312,Luzern-Land,1065,Root
15584,LU,312,Luzern-Land,1066,Schwarzenberg
15530,LU,312,Luzern-Land,1067,Udligenswil
15526,LU,312,Luzern-Land,1068,Vitznau
15528,LU,312,Luzern-Land,1069,Weggis
15663,LU,314,Sursee,1081,Beromunster
15534,LU,314,Sursee,1082,Buron
15533,LU,314,Sursee,1083,Buttisholz
15554,LU,314,Sursee,1084,Eich
15548,LU,314,Sursee,1085,Geuensee
15545,LU,314,Sursee,1086,Grosswangen
15562,LU,314,Sursee,1088,Hildisrieden
15575,LU,314,Sursee,1089,Knutwil
15573,LU,314,Sursee,1091,Mauensee
15570,LU,314,Sursee,1093,Neuenkirch
15572,LU,314,Sursee,1094,Nottwil
15569,LU,314,Sursee,1095,Oberkirch
15520,LU,314,Sursee,1097,Rickenbach (LU)
15580,LU,314,Sursee,1098,Ruswil
15664,LU,314,Sursee,1099,Schenkon
15588,LU,314,Sursee,1100,Schlierbach
15587,LU,314,Sursee,1102,Sempach
15529,LU,314,Sursee,1103,Sursee
15599,LU,314,Sursee,1104,Triengen
15525,LU,316,Entlebuch,1107,Wolhusen
15537,LU,315,Willisau,1121,Alberswil
15540,LU,315,Willisau,1122,Altburon
16131,LU,315,Willisau,1123,Altishofen
15593,LU,315,Willisau,1125,Dagmersellen
15555,LU,315,Willisau,1127,Egolzwil
15594,LU,315,Willisau,1128,Ettiswil
15546,LU,315,Willisau,1129,Fischbach
15544,LU,315,Willisau,1131,Grossdietwil
15565,LU,315,Willisau,1132,Hergiswil bei Willisau
15577,LU,315,Willisau,1135,Luthern
15566,LU,315,Willisau,1136,Menznau
15571,LU,315,Willisau,1137,Nebikon
15591,LU,315,Willisau,1139,Pfaffnau
15596,LU,315,Willisau,1140,Reiden
15583,LU,315,Willisau,1142,Roggliswil
15521,LU,315,Willisau,1143,Schotz
15531,LU,315,Willisau,1145,Ufhusen
15527,LU,315,Willisau,1146,Wauwil
15523,LU,315,Willisau,1147,Wikon
15524,LU,315,Willisau,1150,Zell (LU)
16591,LU,315,Willisau,1151,Willisau
11773,UR,400,Kt. Uri,1201,Altdorf (UR)
11784,UR,400,Kt. Uri,1202,Andermatt
11678,UR,400,Kt. Uri,1203,Attinghausen
11506,UR,400,Kt. Uri,1205,Burglen (UR)
12238,UR,400,Kt. Uri,1206,Erstfeld
11940,UR,400,Kt. Uri,1207,Fluelen
12032,UR,400,Kt. Uri,1208,Goschenen
11941,UR,400,Kt. Uri,1209,Gurtnellen
12213,UR,400,Kt. Uri,1210,Hospental
12661,UR,400,Kt. Uri,1211,Isenthal
13165,UR,400,Kt. Uri,1212,Realp
13055,UR,400,Kt. Uri,1213,Schattdorf
16592,UR,400,Kt. Uri,1214,Seedorf (UR)
12950,UR,400,Kt. Uri,1215,Seelisberg
12985,UR,400,Kt. Uri,1216,Silenen
12981,UR,400,Kt. Uri,1217,Sisikon
10364,UR,400,Kt. Uri,1218,Spiringen
10869,UR,400,Kt. Uri,1219,Unterschachen
10442,UR,400,Kt. Uri,1220,Wassen
12152,SZ,501,Einsiedeln,1301,Einsiedeln
12033,SZ,502,Gersau,1311,Gersau
12007,SZ,503,Hofe,1321,Feusisberg
11961,SZ,503,Hofe,1322,Freienbach
10314,SZ,503,Hofe,1323,Wollerau
14470,SZ,504,Kussnacht (SZ),1331,Kussnacht (SZ)
11774,SZ,505,March,1341,Altendorf
12075,SZ,505,March,1342,Galgenen
12658,SZ,505,March,1343,Innerthal
12607,SZ,505,March,1344,Lachen
13181,SZ,505,March,1345,Reichenburg
12968,SZ,505,March,1346,Schubelbach
10859,SZ,505,March,1347,Tuggen
10371,SZ,505,March,1348,Vorderthal
10471,SZ,505,March,1349,Wangen (SZ)
11778,SZ,506,Schwyz,1361,Alpthal
11670,SZ,506,Schwyz,1362,Arth
12192,SZ,506,Schwyz,1363,Illgau
12657,SZ,506,Schwyz,1364,Ingenbohl
12634,SZ,506,Schwyz,1365,Lauerz
12371,SZ,506,Schwyz,1366,Morschach
12362,SZ,506,Schwyz,1367,Muotathal
12475,SZ,506,Schwyz,1368,Oberiberg
12894,SZ,506,Schwyz,1369,Riemenstalden
12853,SZ,506,Schwyz,1370,Rothenthurm
13022,SZ,506,Schwyz,1371,Sattel
12955,SZ,506,Schwyz,1372,Schwyz
10594,SZ,506,Schwyz,1373,Steinen
10571,SZ,506,Schwyz,1374,Steinerberg
10865,SZ,506,Schwyz,1375,Unteriberg
11753,OW,600,Kt. Obwalden,1401,Alpnach
12287,OW,600,Kt. Obwalden,1402,Engelberg
12063,OW,600,Kt. Obwalden,1403,Giswil
12688,OW,600,Kt. Obwalden,1404,Kerns
12718,OW,600,Kt. Obwalden,1405,Lungern
12859,OW,600,Kt. Obwalden,1406,Sachseln
13009,OW,600,Kt. Obwalden,1407,Sarnen
11792,NW,700,Kt. Nidwalden,1501,Beckenried
11465,NW,700,Kt. Nidwalden,1502,Buochs
11568,NW,700,Kt. Nidwalden,1503,Dallenwil
12290,NW,700,Kt. Nidwalden,1504,Emmetten
12276,NW,700,Kt. Nidwalden,1505,Ennetburgen
12275,NW,700,Kt. Nidwalden,1506,Ennetmoos
12300,NW,700,Kt. Nidwalden,1507,Hergiswil (NW)
12556,NW,700,Kt. Nidwalden,1508,Oberdorf (NW)
10576,NW,700,Kt. Nidwalden,1509,Stans
10577,NW,700,Kt. Nidwalden,1510,Stansstad
10357,NW,700,Kt. Nidwalden,1511,Wolfenschiessen
15479,GL,800,Kt. Glarus,1630,Glarus Nord
15478,GL,800,Kt. Glarus,1631,Glarus Sud
15480,GL,800,Kt. Glarus,1632,Glarus
11711,ZG,900,Kt. Zug,1701,Baar
11397,ZG,900,Kt. Zug,1702,Cham
12176,ZG,900,Kt. Zug,1703,Hunenberg
12389,ZG,900,Kt. Zug,1704,Menzingen
12517,ZG,900,Kt. Zug,1705,Neuheim
12551,ZG,900,Kt. Zug,1706,Oberageri
12931,ZG,900,Kt. Zug,1707,Risch
10598,ZG,900,Kt. Zug,1708,Steinhausen
10844,ZG,900,Kt. Zug,1709,Unterageri
10457,ZG,900,Kt. Zug,1710,Walchwil
10323,ZG,900,Kt. Zug,1711,Zug
11419,FR,1001,La Broye,2008,Chatillon (FR)
14510,FR,1001,La Broye,2011,Cugy (FR)
11974,FR,1001,La Broye,2016,Fetigny
12055,FR,1001,La Broye,2022,Gletterens
14526,FR,1001,La Broye,2025,Lully (FR)
12387,FR,1001,La Broye,2027,Menieres
14475,FR,1001,La Broye,2029,Montagny (FR)
12549,FR,1001,La Broye,2035,Nuvilly
13105,FR,1001,La Broye,2038,Prevondavaux
13702,FR,1001,La Broye,2041,Saint-Aubin (FR)
12991,FR,1001,La Broye,2043,Sevaz
16593,FR,1001,La Broye,2044,Surpierre
10944,FR,1001,La Broye,2045,Vallon
14474,FR,1001,La Broye,2050,Les Montets
14511,FR,1001,La Broye,2051,Delley-Portalban
15675,FR,1001,La Broye,2053,Belmont-Broye
15689,FR,1001,La Broye,2054,Estavayer
15690,FR,1001,La Broye,2055,Cheyres-Chables
11680,FR,1002,La Glane,2061,Auboranges
14103,FR,1002,La Glane,2063,Billens-Hennens
11444,FR,1002,La Glane,2066,Chapelle (Glane)
12611,FR,1002,La Glane,2067,Le Chatelard
11420,FR,1002,La Glane,2068,Chatonnaye
13211,FR,1002,La Glane,2072,Ecublens (FR)
12113,FR,1002,La Glane,2079,Grangettes
12734,FR,1002,La Glane,2086,Massonnens
14476,FR,1002,La Glane,2087,Mezieres (FR)
12340,FR,1002,La Glane,2089,Montet (Glane)
13663,FR,1002,La Glane,2096,Romont (FR)
14140,FR,1002,La Glane,2097,Rue
14477,FR,1002,La Glane,2099,Siviriez
15500,FR,1002,La Glane,2102,Ursy
14480,FR,1002,La Glane,2113,Vuisternens-devant-Romont
14137,FR,1002,La Glane,2114,Villorsonnens
14478,FR,1002,La Glane,2115,Torny
16132,FR,1002,La Glane,2117,Villaz
14362,FR,1003,La Gruyere,2121,Haut-Intyamon
14368,FR,1003,La Gruyere,2122,Pont-en-Ogoz
14530,FR,1003,La Gruyere,2123,Botterens
11871,FR,1003,La Gruyere,2124,Broc
14528,FR,1003,La Gruyere,2125,Bulle
11424,FR,1003,La Gruyere,2128,Chatel-sur-Montsalvens
15481,FR,1003,La Gruyere,2129,Corbieres
11533,FR,1003,La Gruyere,2130,Cresuz
12135,FR,1003,La Gruyere,2131,Echarlens
12106,FR,1003,La Gruyere,2134,Grandvillard
11958,FR,1003,La Gruyere,2135,Gruyeres
12247,FR,1003,La Gruyere,2137,Hauteville
12668,FR,1003,La Gruyere,2138,Jaun
14135,FR,1003,La Gruyere,2140,Marsens
12369,FR,1003,La Gruyere,2143,Morlon
12618,FR,1003,La Gruyere,2145,Le Paquier (FR)
13080,FR,1003,La Gruyere,2147,Pont-la-Ville
12909,FR,1003,La Gruyere,2148,Riaz
12574,FR,1003,La Gruyere,2149,La Roche
14138,FR,1003,La Gruyere,2152,Sales
10416,FR,1003,La Gruyere,2153,Sorens
10906,FR,1003,La Gruyere,2155,Vaulruz
10373,FR,1003,La Gruyere,2160,Vuadens
14479,FR,1003,La Gruyere,2162,Bas-Intyamon
15640,FR,1003,La Gruyere,2163,Val-de-Charmey
11657,FR,1004,La Sarine,2173,Autigny
14143,FR,1004,La Sarine,2174,Avry
15676,FR,1004,La Sarine,2175,Belfaux
11502,FR,1004,La Sarine,2177,Chenens
15692,FR,1004,La Sarine,2183,Corminboeuf
11540,FR,1004,La Sarine,2186,Cottens (FR)
11978,FR,1004,La Sarine,2194,Ferpicloz
11954,FR,1004,La Sarine,2196,Fribourg
12060,FR,1004,La Sarine,2197,Givisiez
12111,FR,1004,La Sarine,2198,Granges-Paccot
14129,FR,1004,La Sarine,2200,Grolley
13249,FR,1004,La Sarine,2206,Marly
12744,FR,1004,La Sarine,2208,Matran
12521,FR,1004,La Sarine,2211,Neyruz (FR)
13141,FR,1004,La Sarine,2216,Pierrafortscha
13662,FR,1004,La Sarine,2217,Ponthaux
14369,FR,1004,La Sarine,2220,Le Mouret
10889,FR,1004,La Sarine,2226,Treyvaux
10162,FR,1004,La Sarine,2228,Villars-sur-Glane
10165,FR,1004,La Sarine,2230,Villarsel-sur-Marly
14141,FR,1004,La Sarine,2233,Hauterive (FR)
14136,FR,1004,La Sarine,2234,La Brillaz
14481,FR,1004,La Sarine,2235,La Sonnaz
15677,FR,1004,La Sarine,2236,Gibloux
16133,FR,1004,La Sarine,2237,Prez
16594,FR,1004,La Sarine,2238,Bois-d'Amont
11534,FR,1005,See / Lac,2250,Courgevaux
15693,FR,1005,See / Lac,2254,Courtepin
11522,FR,1005,See / Lac,2257,Cressier (FR)
11969,FR,1005,See / Lac,2258,Fraschels
12078,FR,1005,See / Lac,2261,Greng
14514,FR,1005,See / Lac,2262,Gurmels
12689,FR,1005,See / Lac,2265,Kerzers
12700,FR,1005,See / Lac,2266,Kleinbosingen
12437,FR,1005,See / Lac,2271,Meyriez
14096,FR,1005,See / Lac,2272,Misery-Courtion
12361,FR,1005,See / Lac,2274,Muntelier
16614,FR,1005,See / Lac,2275,Murten
14529,FR,1005,See / Lac,2276,Ried bei Kerzers
10856,FR,1005,See / Lac,2278,Ulmiz
15679,FR,1005,See / Lac,2284,Mont-Vully
11473,FR,1006,Sense,2292,Brunisried
12204,FR,1006,Sense,2293,Dudingen
12024,FR,1006,Sense,2294,Giffers
13193,FR,1006,Sense,2295,Bosingen
12260,FR,1006,Sense,2296,Heitenried
15694,FR,1006,Sense,2299,Plaffeien
13218,FR,1006,Sense,2300,Plasselb
13175,FR,1006,Sense,2301,Rechthalten
10378,FR,1006,Sense,2303,St. Silvester
10380,FR,1006,Sense,2304,St. Ursen
13041,FR,1006,Sense,2305,Schmitten (FR)
16595,FR,1006,Sense,2306,Tafers
10559,FR,1006,Sense,2307,Tentlingen
10848,FR,1006,Sense,2308,Ueberstorf
13232,FR,1006,Sense,2309,Wunnewil-Flamatt
11676,FR,1007,La Veveyse,2321,Attalens
11799,FR,1007,La Veveyse,2323,Bossonnens
11426,FR,1007,La Veveyse,2325,Chatel-Saint-Denis
12120,FR,1007,La Veveyse,2328,Granges (Veveyse)
13172,FR,1007,La Veveyse,2333,Remaufens
14484,FR,1007,La Veveyse,2335,Saint-Martin (FR)
13207,FR,1007,La Veveyse,2336,Semsales
14482,FR,1007,La Veveyse,2337,Le Flon
14483,FR,1007,La Veveyse,2338,La Verrerie
13703,SO,1101,Gau,2401,Egerkingen
13704,SO,1101,Gau,2402,Harkingen
13705,SO,1101,Gau,2403,Kestenholz
13706,SO,1101,Gau,2404,Neuendorf
13707,SO,1101,Gau,2405,Niederbuchsiten
13708,SO,1101,Gau,2406,Oberbuchsiten
13709,SO,1101,Gau,2407,Oensingen
13710,SO,1101,Gau,2408,Wolfwil
13711,SO,1102,Thal,2421,Aedermannsdorf
13712,SO,1102,Thal,2422,Balsthal
13714,SO,1102,Thal,2424,Herbetswil
13715,SO,1102,Thal,2425,Holderbank (SO)
13716,SO,1102,Thal,2426,Laupersdorf
13717,SO,1102,Thal,2427,Matzendorf
13718,SO,1102,Thal,2428,Mumliswil-Ramiswil
16596,SO,1102,Thal,2430,Welschenrohr-Gansbrunnen
11911,SO,1103,Bucheggberg,2445,Biezwil
13187,SO,1103,Bucheggberg,2455,Luterkofen-Ichertswil
14067,SO,1103,Bucheggberg,2456,Luterswil-Gachliwil
15380,SO,1103,Bucheggberg,2457,Messen
13039,SO,1103,Bucheggberg,2461,Schnottwil
10868,SO,1103,Bucheggberg,2463,Unterramsern
15602,SO,1103,Bucheggberg,2464,Lusslingen-Nennigkofen
15642,SO,1103,Bucheggberg,2465,Buchegg
11696,SO,1104,Dorneck,2471,Battwil
11510,SO,1104,Dorneck,2472,Buren (SO)
12219,SO,1104,Dorneck,2473,Dornach
12103,SO,1104,Dorneck,2474,Gempen
12134,SO,1104,Dorneck,2475,Hochwald
13684,SO,1104,Dorneck,2476,Hofstetten-Fluh
14469,SO,1104,Dorneck,2477,Metzerlen-Mariastein
12545,SO,1104,Dorneck,2478,Nuglar-St. Pantaleon
12940,SO,1104,Dorneck,2479,Rodersdorf
12990,SO,1104,Dorneck,2480,Seewen
10352,SO,1104,Dorneck,2481,Witterswil
11985,SO,1105,Gosgen,2491,Hauenstein-Ifenthal
12691,SO,1105,Gosgen,2492,Kienberg
12808,SO,1105,Gosgen,2493,Lostorf
12559,SO,1105,Gosgen,2495,Niedergosgen
12462,SO,1105,Gosgen,2497,Obergosgen
16597,SO,1105,Gosgen,2499,Stusslingen
10894,SO,1105,Gosgen,2500,Trimbach
10348,SO,1105,Gosgen,2501,Winznau
10349,SO,1105,Gosgen,2502,Wisen (SO)
14531,SO,1105,Gosgen,2503,Erlinsbach (SO)
15508,SO,1106,Wasseramt,2511,Aeschi (SO)
13722,SO,1106,Wasseramt,2513,Biberist
13723,SO,1106,Wasseramt,2514,Bolken
13725,SO,1106,Wasseramt,2516,Deitingen
13726,SO,1106,Wasseramt,2517,Derendingen
13727,SO,1106,Wasseramt,2518,Etziken
13728,SO,1106,Wasseramt,2519,Gerlafingen
13729,SO,1106,Wasseramt,2520,Halten
13732,SO,1106,Wasseramt,2523,Horriwil
13733,SO,1106,Wasseramt,2524,Huniken
13734,SO,1106,Wasseramt,2525,Kriegstetten
13752,SO,1106,Wasseramt,2526,Lohn-Ammannsegg
13736,SO,1106,Wasseramt,2527,Luterbach
13737,SO,1106,Wasseramt,2528,Obergerlafingen
13738,SO,1106,Wasseramt,2529,Oekingen
13739,SO,1106,Wasseramt,2530,Recherswil
13741,SO,1106,Wasseramt,2532,Subingen
13743,SO,1106,Wasseramt,2534,Zuchwil
15603,SO,1106,Wasseramt,2535,Drei Hofe
11702,SO,1107,Lebern,2541,Balm bei Gunsberg
11878,SO,1107,Lebern,2542,Bellach
11908,SO,1107,Lebern,2543,Bettlach
11986,SO,1107,Lebern,2544,Feldbrunnen-St. Niklaus
11937,SO,1107,Lebern,2545,Flumenthal
12076,SO,1107,Lebern,2546,Grenchen
11923,SO,1107,Lebern,2547,Gunsberg
12215,SO,1107,Lebern,2548,Hubersdorf
12650,SO,1107,Lebern,2549,Kammersrohr
12626,SO,1107,Lebern,2550,Langendorf
12803,SO,1107,Lebern,2551,Lommiswil
12502,SO,1107,Lebern,2553,Oberdorf (SO)
15482,SO,1107,Lebern,2554,Riedholz
12879,SO,1107,Lebern,2555,Ruttenen
13003,SO,1107,Lebern,2556,Selzach
11789,SO,1108,Olten,2571,Boningen
11580,SO,1108,Olten,2572,Daniken
12199,SO,1108,Olten,2573,Dulliken
12309,SO,1108,Olten,2574,Eppenberg-Woschnau
12092,SO,1108,Olten,2575,Fulenbach
13230,SO,1108,Olten,2576,Gretzenbach
11936,SO,1108,Olten,2578,Gunzgen
12003,SO,1108,Olten,2579,Hagendorf
12651,SO,1108,Olten,2580,Kappel (SO)
12486,SO,1108,Olten,2581,Olten
12905,SO,1108,Olten,2582,Rickenbach (SO)
12971,SO,1108,Olten,2583,Schonenwerd
10578,SO,1108,Olten,2584,Starrkirch-Wil
10469,SO,1108,Olten,2585,Walterswil (SO)
10472,SO,1108,Olten,2586,Wangen bei Olten
10384,SO,1109,Solothurn,2601,Solothurn
11690,SO,1110,Thierstein,2611,Barschwil
11876,SO,1110,Thierstein,2612,Beinwil (SO)
11822,SO,1110,Thierstein,2613,Breitenbach
11511,SO,1110,Thierstein,2614,Busserach
12274,SO,1110,Thierstein,2615,Erschwil
11988,SO,1110,Thierstein,2616,Fehren
12009,SO,1110,Thierstein,2617,Grindel
12154,SO,1110,Thierstein,2618,Himmelried
12692,SO,1110,Thierstein,2619,Kleinlutzel
12385,SO,1110,Thierstein,2620,Meltingen
12546,SO,1110,Thierstein,2621,Nunningen
10324,SO,1110,Thierstein,2622,Zullwil
11693,BS,1200,Kt. Basel-Stadt,2701,Basel
11907,BS,1200,Kt. Basel-Stadt,2702,Bettingen
12895,BS,1200,Kt. Basel-Stadt,2703,Riehen
13824,BL,1301,Arlesheim,2761,Aesch (BL)
13825,BL,1301,Arlesheim,2762,Allschwil
13826,BL,1301,Arlesheim,2763,Arlesheim
13827,BL,1301,Arlesheim,2764,Biel-Benken
13828,BL,1301,Arlesheim,2765,Binningen
13829,BL,1301,Arlesheim,2766,Birsfelden
13830,BL,1301,Arlesheim,2767,Bottmingen
13831,BL,1301,Arlesheim,2768,Ettingen
13832,BL,1301,Arlesheim,2769,Munchenstein
13833,BL,1301,Arlesheim,2770,Muttenz
13834,BL,1301,Arlesheim,2771,Oberwil (BL)
13835,BL,1301,Arlesheim,2772,Pfeffingen
13836,BL,1301,Arlesheim,2773,Reinach (BL)
13837,BL,1301,Arlesheim,2774,Schonenbuch
13838,BL,1301,Arlesheim,2775,Therwil
13839,BL,1302,Laufen,2781,Blauen
13840,BL,1302,Laufen,2782,Brislach
13841,BL,1302,Laufen,2783,Burg im Leimental
13842,BL,1302,Laufen,2784,Dittingen
13843,BL,1302,Laufen,2785,Duggingen
13844,BL,1302,Laufen,2786,Grellingen
13845,BL,1302,Laufen,2787,Laufen
13846,BL,1302,Laufen,2788,Liesberg
13847,BL,1302,Laufen,2789,Nenzlingen
13848,BL,1302,Laufen,2790,Roggenburg
13849,BL,1302,Laufen,2791,Roschenz
13850,BL,1302,Laufen,2792,Wahlen
13851,BL,1302,Laufen,2793,Zwingen
13766,BL,1303,Liestal,2821,Arisdorf
13767,BL,1303,Liestal,2822,Augst
13768,BL,1303,Liestal,2823,Bubendorf
13769,BL,1303,Liestal,2824,Frenkendorf
13770,BL,1303,Liestal,2825,Fullinsdorf
13771,BL,1303,Liestal,2826,Giebenach
13772,BL,1303,Liestal,2827,Hersberg
13773,BL,1303,Liestal,2828,Lausen
13774,BL,1303,Liestal,2829,Liestal
13775,BL,1303,Liestal,2830,Lupsingen
13776,BL,1303,Liestal,2831,Pratteln
13777,BL,1303,Liestal,2832,Ramlinsburg
13778,BL,1303,Liestal,2833,Seltisberg
13779,BL,1303,Liestal,2834,Ziefen
13780,BL,1304,Sissach,2841,Anwil
13781,BL,1304,Sissach,2842,Bockten
13782,BL,1304,Sissach,2843,Buckten
13783,BL,1304,Sissach,2844,Buus
13784,BL,1304,Sissach,2845,Diepflingen
13785,BL,1304,Sissach,2846,Gelterkinden
13786,BL,1304,Sissach,2847,Hafelfingen
13787,BL,1304,Sissach,2848,Hemmiken
13788,BL,1304,Sissach,2849,Itingen
13789,BL,1304,Sissach,2850,Kanerkinden
13790,BL,1304,Sissach,2851,Kilchberg (BL)
13791,BL,1304,Sissach,2852,Laufelfingen
13792,BL,1304,Sissach,2853,Maisprach
13793,BL,1304,Sissach,2854,Nusshof
13794,BL,1304,Sissach,2855,Oltingen
13795,BL,1304,Sissach,2856,Ormalingen
13796,BL,1304,Sissach,2857,Rickenbach (BL)
13797,BL,1304,Sissach,2858,Rothenfluh
13798,BL,1304,Sissach,2859,Rumlingen
13799,BL,1304,Sissach,2860,Runenberg
13800,BL,1304,Sissach,2861,Sissach
13801,BL,1304,Sissach,2862,Tecknau
13802,BL,1304,Sissach,2863,Tenniken
13803,BL,1304,Sissach,2864,Thurnen
13804,BL,1304,Sissach,2865,Wenslingen
13805,BL,1304,Sissach,2866,Wintersingen
13806,BL,1304,Sissach,2867,Wittinsburg
13807,BL,1304,Sissach,2868,Zeglingen
13808,BL,1304,Sissach,2869,Zunzgen
13809,BL,1305,Waldenburg,2881,Arboldswil
13810,BL,1305,Waldenburg,2882,Bennwil
13811,BL,1305,Waldenburg,2883,Bretzwil
13812,BL,1305,Waldenburg,2884,Diegten
13813,BL,1305,Waldenburg,2885,Eptingen
13814,BL,1305,Waldenburg,2886,Holstein
13815,BL,1305,Waldenburg,2887,Lampenberg
13816,BL,1305,Waldenburg,2888,Langenbruck
13817,BL,1305,Waldenburg,2889,Lauwil
13818,BL,1305,Waldenburg,2890,Liedertswil
13819,BL,1305,Waldenburg,2891,Niederdorf
13820,BL,1305,Waldenburg,2892,Oberdorf (BL)
13821,BL,1305,Waldenburg,2893,Reigoldswil
13822,BL,1305,Waldenburg,2894,Titterten
13823,BL,1305,Waldenburg,2895,Waldenburg
12071,SH,1401,Oberklettgau,2901,Gachlingen
12801,SH,1401,Oberklettgau,2903,Lohningen
12519,SH,1401,Oberklettgau,2904,Neunkirch
11486,SH,1402,Reiat,2914,Buttenhardt
12184,SH,1402,Reiat,2915,Dorflingen
12800,SH,1402,Reiat,2917,Lohn (SH)
10586,SH,1402,Reiat,2919,Stetten (SH)
14948,SH,1402,Reiat,2920,Thayngen
11688,SH,1403,Schaffhausen,2931,Bargen (SH)
15604,SH,1403,Schaffhausen,2932,Beringen
11474,SH,1403,Schaffhausen,2933,Buchberg
12395,SH,1403,Schaffhausen,2936,Merishausen
12525,SH,1403,Schaffhausen,2937,Neuhausen am Rheinfall
12846,SH,1403,Schaffhausen,2938,Rudlingen
14949,SH,1403,Schaffhausen,2939,Schaffhausen
11873,SH,1404,Schleitheim,2951,Beggingen
13045,SH,1404,Schleitheim,2952,Schleitheim
12989,SH,1404,Schleitheim,2953,Siblingen
11479,SH,1405,Stein,2961,Buch (SH)
12233,SH,1405,Stein,2962,Hemishofen
13170,SH,1405,Stein,2963,Ramsen
10592,SH,1405,Stein,2964,Stein am Rhein
12020,SH,1406,Unterklettgau,2971,Hallau
12471,SH,1406,Unterklettgau,2972,Oberhallau
10882,SH,1406,Unterklettgau,2973,Trasadingen
14515,SH,1406,Unterklettgau,2974,Wilchingen
12304,AR,1501,Hinterland,3001,Herisau
12175,AR,1501,Hinterland,3002,Hundwil
12972,AR,1501,Hinterland,3003,Schonengrund
12957,AR,1501,Hinterland,3004,Schwellbrunn
10583,AR,1501,Hinterland,3005,Stein (AR)
10946,AR,1501,Hinterland,3006,Urnasch
10461,AR,1501,Hinterland,3007,Waldstatt
11451,AR,1502,Mittelland,3021,Buhler
12077,AR,1502,Mittelland,3022,Gais
10157,AR,1502,Mittelland,3023,Speicher
10561,AR,1502,Mittelland,3024,Teufen (AR)
10895,AR,1502,Mittelland,3025,Trogen
11956,AR,1503,Vorderland,3031,Grub (AR)
12253,AR,1503,Vorderland,3032,Heiden
12705,AR,1503,Vorderland,3033,Lutzenberg
13169,AR,1503,Vorderland,3034,Rehetobel
12915,AR,1503,Vorderland,3035,Reute (AR)
10458,AR,1503,Vorderland,3036,Wald (AR)
10470,AR,1503,Vorderland,3037,Walzenhausen
10358,AR,1503,Vorderland,3038,Wolfhalden
14097,AI,1600,Kt. Appenzell i.Rh.,3101,Appenzell
14098,AI,1600,Kt. Appenzell i.Rh.,3102,Gonten
14100,AI,1600,Kt. Appenzell i.Rh.,3104,Schlatt-Haslen
14102,AI,1600,Kt. Appenzell i.Rh.,3111,Oberegg
16620,AI,1600,Kt. Appenzell i.Rh.,3112,Schwende-Rute
14378,SG,1721,St. Gallen,3201,Haggenschwil
14379,SG,1721,St. Gallen,3202,Muolen
14380,SG,1721,St. Gallen,3203,St. Gallen
14381,SG,1721,St. Gallen,3204,Wittenbach
14382,SG,1722,Rorschach,3211,Berg (SG)
14383,SG,1721,St. Gallen,3212,Eggersriet
14384,SG,1722,Rorschach,3213,Goldach
14385,SG,1722,Rorschach,3214,Morschwil
14386,SG,1722,Rorschach,3215,Rorschach
14387,SG,1722,Rorschach,3216,Rorschacherberg
14388,SG,1722,Rorschach,3217,Steinach
14389,SG,1722,Rorschach,3218,Tubach
14390,SG,1722,Rorschach,3219,Untereggen
14391,SG,1723,Rheintal,3231,Au (SG)
14392,SG,1723,Rheintal,3232,Balgach
14393,SG,1723,Rheintal,3233,Berneck
14394,SG,1723,Rheintal,3234,Diepoldsau
14395,SG,1723,Rheintal,3235,Rheineck
14396,SG,1723,Rheintal,3236,St. Margrethen
14397,SG,1722,Rorschach,3237,Thal
14398,SG,1723,Rheintal,3238,Widnau
14399,SG,1723,Rheintal,3251,Altstatten
14400,SG,1723,Rheintal,3252,Eichberg
14401,SG,1723,Rheintal,3253,Marbach (SG)
14402,SG,1723,Rheintal,3254,Oberriet (SG)
14403,SG,1723,Rheintal,3255,Rebstein
14404,SG,1723,Rheintal,3256,Ruthi (SG)
14405,SG,1724,Werdenberg,3271,Buchs (SG)
14406,SG,1724,Werdenberg,3272,Gams
14407,SG,1724,Werdenberg,3273,Grabs
14408,SG,1724,Werdenberg,3274,Sennwald
14409,SG,1724,Werdenberg,3275,Sevelen
14410,SG,1724,Werdenberg,3276,Wartau
14411,SG,1725,Sarganserland,3291,Bad Ragaz
14412,SG,1725,Sarganserland,3292,Flums
14413,SG,1725,Sarganserland,3293,Mels
14414,SG,1725,Sarganserland,3294,Pfafers
14415,SG,1725,Sarganserland,3295,Quarten
14416,SG,1725,Sarganserland,3296,Sargans
14417,SG,1725,Sarganserland,3297,Vilters-Wangs
14418,SG,1725,Sarganserland,3298,Walenstadt
14419,SG,1726,See-Gaster,3311,Amden
14420,SG,1726,See-Gaster,3312,Benken (SG)
14421,SG,1726,See-Gaster,3313,Kaltbrunn
14423,SG,1726,See-Gaster,3315,Schanis
14424,SG,1726,See-Gaster,3316,Weesen
14432,SG,1726,See-Gaster,3338,Schmerikon
14433,SG,1726,See-Gaster,3339,Uznach
14925,SG,1726,See-Gaster,3340,Rapperswil-Jona
15605,SG,1726,See-Gaster,3341,Gommiswald
15606,SG,1726,See-Gaster,3342,Eschenbach (SG)
14435,SG,1727,Toggenburg,3352,Ebnat-Kappel
15381,SG,1727,Toggenburg,3359,Wildhaus-Alt St. Johann
15607,SG,1727,Toggenburg,3360,Nesslau
14443,SG,1727,Toggenburg,3374,Lichtensteig
15608,SG,1727,Toggenburg,3379,Wattwil
14448,SG,1727,Toggenburg,3392,Kirchberg (SG)
14449,SG,1727,Toggenburg,3393,Lutisburg
14450,SG,1727,Toggenburg,3394,Mosnang
15609,SG,1727,Toggenburg,3395,Butschwil-Ganterschwil
16623,SG,1727,Toggenburg,3396,Neckertal
14451,SG,1728,Wil,3401,Degersheim
14452,SG,1728,Wil,3402,Flawil
14454,SG,1728,Wil,3405,Jonschwil
14456,SG,1728,Wil,3407,Oberuzwil
14457,SG,1728,Wil,3408,Uzwil
14459,SG,1728,Wil,3422,Niederburen
14460,SG,1728,Wil,3423,Niederhelfenschwil
14461,SG,1728,Wil,3424,Oberburen
14463,SG,1728,Wil,3426,Zuzwil (SG)
15610,SG,1728,Wil,3427,Wil (SG)
14464,SG,1721,St. Gallen,3441,Andwil (SG)
14465,SG,1721,St. Gallen,3442,Gaiserwald
14466,SG,1721,St. Gallen,3443,Gossau (SG)
14467,SG,1721,St. Gallen,3444,Waldkirch
15962,GR,1841,Albula,3506,Vaz/Obervaz
15963,GR,1841,Albula,3513,Lantsch/Lenz
15964,GR,1841,Albula,3514,Schmitten (GR)
16062,GR,1841,Albula,3542,Albula/Alvra
16068,GR,1841,Albula,3543,Surses
16085,GR,1841,Albula,3544,Bergun Filisur
15967,GR,1842,Bernina,3551,Brusio
15968,GR,1842,Bernina,3561,Poschiavo
15969,GR,1850,Surselva,3572,Falera
15970,GR,1850,Surselva,3575,Laax
15971,GR,1850,Surselva,3581,Sagogn
15972,GR,1850,Surselva,3582,Schluein
16063,GR,1850,Surselva,3603,Vals
16058,GR,1850,Surselva,3618,Lumnezia
16061,GR,1850,Surselva,3619,Ilanz/Glion
15975,GR,1851,Viamala,3633,Furstenau
15976,GR,1851,Viamala,3637,Rothenbrunnen
15977,GR,1851,Viamala,3638,Scharans
15978,GR,1851,Viamala,3640,Sils im Domleschg
16051,GR,1851,Viamala,3661,Cazis
15979,GR,1851,Viamala,3662,Flerden
15980,GR,1851,Viamala,3663,Masein
16084,GR,1851,Viamala,3668,Thusis
15982,GR,1851,Viamala,3669,Tschappina
15983,GR,1851,Viamala,3670,Urmein
16057,GR,1850,Surselva,3672,Safiental
16064,GR,1851,Viamala,3673,Domleschg
15984,GR,1851,Viamala,3681,Avers
15987,GR,1851,Viamala,3695,Sufers
16048,GR,1851,Viamala,3701,Andeer
15991,GR,1851,Viamala,3711,Rongellen
15992,GR,1851,Viamala,3712,Zillis-Reischen
16045,GR,1851,Viamala,3713,Ferrera
16125,GR,1851,Viamala,3714,Rheinwald
16598,GR,1851,Viamala,3715,Muntogna da Schons
15993,GR,1844,Imboden,3721,Bonaduz
15994,GR,1844,Imboden,3722,Domat/Ems
15995,GR,1844,Imboden,3723,Rhazuns
15996,GR,1844,Imboden,3731,Felsberg
15997,GR,1844,Imboden,3732,Flims
15998,GR,1844,Imboden,3733,Tamins
15999,GR,1844,Imboden,3734,Trin
16066,GR,1843,Engiadina B./Val Mustair,3746,Zernez
16000,GR,1843,Engiadina B./Val Mustair,3752,Samnaun
16065,GR,1843,Engiadina B./Val Mustair,3762,Scuol
16059,GR,1843,Engiadina B./Val Mustair,3764,Valsot
16001,GR,1846,Maloja,3781,Bever
16002,GR,1846,Maloja,3782,Celerina/Schlarigna
16003,GR,1846,Maloja,3783,Madulain
16004,GR,1846,Maloja,3784,Pontresina
16586,GR,1846,Maloja,3785,La Punt Chamues-ch
16006,GR,1846,Maloja,3786,Samedan
16007,GR,1846,Maloja,3787,St. Moritz
16008,GR,1846,Maloja,3788,S-chanf
16009,GR,1846,Maloja,3789,Sils im Engadin/Segl
16010,GR,1846,Maloja,3790,Silvaplana
16011,GR,1846,Maloja,3791,Zuoz
16052,GR,1846,Maloja,3792,Bregaglia
16012,GR,1847,Moesa,3804,Buseno
16013,GR,1847,Moesa,3805,Castaneda
16014,GR,1847,Moesa,3808,Rossa
16015,GR,1847,Moesa,3810,Santa Maria in Calanca
16016,GR,1847,Moesa,3821,Lostallo
16017,GR,1847,Moesa,3822,Mesocco
16018,GR,1847,Moesa,3823,Soazza
16019,GR,1847,Moesa,3831,Cama
15695,GR,1847,Moesa,3832,Grono
16020,GR,1847,Moesa,3834,Roveredo (GR)
16021,GR,1847,Moesa,3835,San Vittore
16067,GR,1847,Moesa,3837,Calanca
16049,GR,1843,Engiadina B./Val Mustair,3847,Val Mustair
16047,GR,1849,Prattigau / Davos,3851,Davos
16022,GR,1849,Prattigau / Davos,3861,Fideris
16023,GR,1849,Prattigau / Davos,3862,Furna
16024,GR,1849,Prattigau / Davos,3863,Jenaz
16610,GR,1849,Prattigau / Davos,3871,Klosters
16025,GR,1849,Prattigau / Davos,3881,Conters im Prattigau
16026,GR,1849,Prattigau / Davos,3882,Kublis
16071,GR,1849,Prattigau / Davos,3891,Luzein
16599,GR,1848,Plessur,3901,Chur
16053,GR,1848,Plessur,3911,Churwalden
16060,GR,1848,Plessur,3921,Arosa
16050,GR,1848,Plessur,3932,Tschiertschen-Praden
16046,GR,1845,Landquart,3945,Trimmis
16030,GR,1845,Landquart,3946,Untervaz
16031,GR,1845,Landquart,3947,Zizers
16032,GR,1845,Landquart,3951,Flasch
16033,GR,1845,Landquart,3952,Jenins
16034,GR,1845,Landquart,3953,Maienfeld
16035,GR,1845,Landquart,3954,Malans
16055,GR,1845,Landquart,3955,Landquart
16054,GR,1849,Prattigau / Davos,3961,Grusch
16036,GR,1849,Prattigau / Davos,3962,Schiers
16037,GR,1849,Prattigau / Davos,3972,Seewis im Prattigau
16086,GR,1850,Surselva,3981,Breil/Brigels
16039,GR,1850,Surselva,3982,Disentis/Muster
16040,GR,1850,Surselva,3983,Medel (Lucmagn)
16041,GR,1850,Surselva,3985,Sumvitg
16042,GR,1850,Surselva,3986,Tujetsch
16056,GR,1850,Surselva,3987,Trun
16069,GR,1850,Surselva,3988,Obersaxen Mundaun
15385,AG,1901,Aarau,4001,Aarau
11916,AG,1901,Aarau,4002,Biberstein
11454,AG,1901,Aarau,4003,Buchs (AG)
11556,AG,1901,Aarau,4004,Densburen
14533,AG,1901,Aarau,4005,Erlinsbach (AG)
12115,AG,1901,Aarau,4006,Granichen
12158,AG,1901,Aarau,4007,Hirschthal
12594,AG,1901,Aarau,4008,Kuttigen
12380,AG,1901,Aarau,4009,Muhen
12465,AG,1901,Aarau,4010,Oberentfelden
10585,AG,1901,Aarau,4012,Suhr
10888,AG,1901,Aarau,4013,Unterentfelden
13189,AG,1902,Baden,4021,Baden
11881,AG,1902,Baden,4022,Bellikon
11856,AG,1902,Baden,4023,Bergdietikon
11899,AG,1902,Baden,4024,Birmenstorf (AG)
12277,AG,1902,Baden,4026,Ennetbaden
11998,AG,1902,Baden,4027,Fislisbach
11946,AG,1902,Baden,4028,Freienwil
12110,AG,1902,Baden,4029,Gebenstorf
12693,AG,1902,Baden,4030,Killwangen
12652,AG,1902,Baden,4031,Kunten
12712,AG,1902,Baden,4032,Magenwil
12384,AG,1902,Baden,4033,Mellingen
12514,AG,1902,Baden,4034,Neuenhof
12565,AG,1902,Baden,4035,Niederrohrdorf
12453,AG,1902,Baden,4037,Oberrohrdorf
12456,AG,1902,Baden,4038,Obersiggenthal
13164,AG,1902,Baden,4039,Remetschwil
10366,AG,1902,Baden,4040,Spreitenbach
10595,AG,1902,Baden,4041,Stetten (AG)
10886,AG,1902,Baden,4042,Turgi
10871,AG,1902,Baden,4044,Untersiggenthal
10275,AG,1902,Baden,4045,Wettingen
10356,AG,1902,Baden,4046,Wohlenschwil
10344,AG,1902,Baden,4047,Wurenlingen
10303,AG,1902,Baden,4048,Wurenlos
14534,AG,1902,Baden,4049,Ehrendingen
13668,AG,1903,Bremgarten,4061,Arni (AG)
11857,AG,1903,Bremgarten,4062,Berikon
15644,AG,1903,Bremgarten,4063,Bremgarten (AG)
11488,AG,1903,Bremgarten,4064,Buttikon
12217,AG,1903,Bremgarten,4065,Dottikon
12157,AG,1903,Bremgarten,4066,Eggenwil
12006,AG,1903,Bremgarten,4067,Fischbach-Goslikon
12004,AG,1903,Bremgarten,4068,Hagglingen
12644,AG,1903,Bremgarten,4071,Jonen
12569,AG,1903,Bremgarten,4072,Niederwil (AG)
12452,AG,1903,Bremgarten,4073,Oberlunkhofen
13681,AG,1903,Bremgarten,4074,Oberwil-Lieli
12830,AG,1903,Bremgarten,4075,Rudolfstetten-Friedlisberg
13010,AG,1903,Bremgarten,4076,Sarmenstorf
10550,AG,1903,Bremgarten,4077,Tagerig
10853,AG,1903,Bremgarten,4078,Uezwil
10867,AG,1903,Bremgarten,4079,Unterlunkhofen
15386,AG,1903,Bremgarten,4080,Villmergen
10278,AG,1903,Bremgarten,4081,Widen
10354,AG,1903,Bremgarten,4082,Wohlen (AG)
10322,AG,1903,Bremgarten,4083,Zufikon
13669,AG,1903,Bremgarten,4084,Islisberg
11681,AG,1904,Brugg,4091,Auenstein
11901,AG,1904,Brugg,4092,Birr
11837,AG,1904,Brugg,4093,Birrhard
16135,AG,1904,Brugg,4095,Brugg
12000,AG,1904,Brugg,4099,Habsburg
14375,AG,1904,Brugg,4100,Hausen (AG)
16087,AG,1904,Brugg,4104,Lupfig
12753,AG,1904,Brugg,4105,Mandach
12321,AG,1904,Brugg,4106,Monthal
12354,AG,1904,Brugg,4107,Mulligen
13161,AG,1904,Brugg,4110,Remigen
12890,AG,1904,Brugg,4111,Riniken
12838,AG,1904,Brugg,4112,Rufenach
10760,AG,1904,Brugg,4117,Thalheim (AG)
10911,AG,1904,Brugg,4120,Veltheim (AG)
14535,AG,1904,Brugg,4121,Villigen
10009,AG,1904,Brugg,4122,Villnachern
10360,AG,1904,Brugg,4123,Windisch
15615,AG,1904,Brugg,4124,Bozberg
15645,AG,1904,Brugg,4125,Schinznach
11886,AG,1905,Kulm,4131,Beinwil am See
11913,AG,1905,Kulm,4132,Birrwil
12122,AG,1905,Kulm,4134,Durrenasch
12047,AG,1905,Kulm,4135,Gontenschwil
12140,AG,1905,Kulm,4136,Holziken
12783,AG,1905,Kulm,4137,Leimbach (AG)
12778,AG,1905,Kulm,4138,Leutwil
16625,AG,1905,Kulm,4139,Menziken
12454,AG,1905,Kulm,4140,Oberkulm
13174,AG,1905,Kulm,4141,Reinach (AG)
13043,AG,1905,Kulm,4142,Schlossrued
13042,AG,1905,Kulm,4143,Schmiedrued
13005,AG,1905,Kulm,4144,Schoftland
10562,AG,1905,Kulm,4145,Teufenthal (AG)
10866,AG,1905,Kulm,4146,Unterkulm
10301,AG,1905,Kulm,4147,Zetzwil
12170,AG,1906,Laufenburg,4161,Eiken
11953,AG,1906,Laufenburg,4163,Frick
12114,AG,1906,Laufenburg,4164,Gansingen
12065,AG,1906,Laufenburg,4165,Gipf-Oberfrick
15389,AG,1906,Laufenburg,4169,Kaisten
15390,AG,1906,Laufenburg,4170,Laufenburg
12357,AG,1906,Laufenburg,4172,Munchwilen (AG)
12472,AG,1906,Laufenburg,4173,Oberhof
12509,AG,1906,Laufenburg,4175,Oeschgen
12964,AG,1906,Laufenburg,4176,Schwaderloch
12980,AG,1906,Laufenburg,4177,Sisseln
10353,AG,1906,Laufenburg,4181,Wittnau
10359,AG,1906,Laufenburg,4182,Wolflinswil
10309,AG,1906,Laufenburg,4183,Zeihen
15388,AG,1906,Laufenburg,4184,Mettauertal
16615,AG,1906,Laufenburg,4185,Boztal
16626,AG,1906,Laufenburg,4186,Herznach-Ueken
11783,AG,1907,Lenzburg,4191,Ammerswil
11790,AG,1907,Lenzburg,4192,Boniswil
11472,AG,1907,Lenzburg,4193,Brunegg
11566,AG,1907,Lenzburg,4194,Dintikon
12167,AG,1907,Lenzburg,4195,Egliswil
12252,AG,1907,Lenzburg,4196,Fahrwangen
11996,AG,1907,Lenzburg,4197,Hallwil
12235,AG,1907,Lenzburg,4198,Hendschiken
12139,AG,1907,Lenzburg,4199,Holderbank (AG)
12179,AG,1907,Lenzburg,4200,Hunzenschwil
12782,AG,1907,Lenzburg,4201,Lenzburg
12411,AG,1907,Lenzburg,4202,Meisterschwanden
12367,AG,1907,Lenzburg,4203,Moriken-Wildegg
12561,AG,1907,Lenzburg,4204,Niederlenz
13113,AG,1907,Lenzburg,4205,Othmarsingen
12833,AG,1907,Lenzburg,4206,Rupperswil
13056,AG,1907,Lenzburg,4207,Schafisheim
12949,AG,1907,Lenzburg,4208,Seengen
12996,AG,1907,Lenzburg,4209,Seon
10579,AG,1907,Lenzburg,4210,Staufen
11741,AG,1908,Muri,4221,Abtwil
11764,AG,1908,Muri,4222,Aristau
11659,AG,1908,Muri,4223,Auw
11875,AG,1908,Muri,4224,Beinwil (Freiamt)
11888,AG,1908,Muri,4226,Besenburen
11910,AG,1908,Muri,4227,Bettwil
11800,AG,1908,Muri,4228,Boswil
11464,AG,1908,Muri,4229,Bunzen
11490,AG,1908,Muri,4230,Buttwil
11564,AG,1908,Muri,4231,Dietwil
12104,AG,1908,Muri,4232,Geltwil
12638,AG,1908,Muri,4233,Kallern
15503,AG,1908,Muri,4234,Merenschwand
12358,AG,1908,Muri,4235,Muhlau
12438,AG,1908,Muri,4236,Muri (AG)
12446,AG,1908,Muri,4237,Oberruti
12851,AG,1908,Muri,4238,Rottenschwil
12983,AG,1908,Muri,4239,Sins
10468,AG,1908,Muri,4240,Waltenschwil
12228,AG,1909,Rheinfelden,4251,Hellikon
12643,AG,1909,Rheinfelden,4252,Kaiseraugst
12711,AG,1909,Rheinfelden,4253,Magden
12429,AG,1909,Rheinfelden,4254,Mohlin
12355,AG,1909,Rheinfelden,4255,Mumpf
12468,AG,1909,Rheinfelden,4256,Obermumpf
12508,AG,1909,Rheinfelden,4257,Olsberg
12911,AG,1909,Rheinfelden,4258,Rheinfelden
12967,AG,1909,Rheinfelden,4259,Schupfart
10582,AG,1909,Rheinfelden,4260,Stein (AG)
10462,AG,1909,Rheinfelden,4261,Wallbach
10446,AG,1909,Rheinfelden,4262,Wegenstetten
10310,AG,1909,Rheinfelden,4263,Zeiningen
10329,AG,1909,Rheinfelden,4264,Zuzgen
11738,AG,1910,Zofingen,4271,Aarburg
11845,AG,1910,Zofingen,4273,Bottenwil
11636,AG,1910,Zofingen,4274,Brittnau
12696,AG,1910,Zofingen,4275,Kirchleerau
12677,AG,1910,Zofingen,4276,Kolliken
12328,AG,1910,Zofingen,4277,Moosleerau
12335,AG,1910,Zofingen,4279,Murgenthal
12494,AG,1910,Zofingen,4280,Oftringen
16126,AG,1910,Zofingen,4281,Reitnau
12852,AG,1910,Zofingen,4282,Rothrist
12873,AG,1910,Zofingen,4283,Safenwil
10707,AG,1910,Zofingen,4284,Staffelbach
10590,AG,1910,Zofingen,4285,Strengelbach
10850,AG,1910,Zofingen,4286,Uerkheim
10370,AG,1910,Zofingen,4287,Vordemwald
10338,AG,1910,Zofingen,4288,Wiliberg
14361,AG,1910,Zofingen,4289,Zofingen
11840,AG,1911,Zurzach,4303,Bottstein
12210,AG,1911,Zurzach,4304,Dottingen
15646,AG,1911,Zurzach,4305,Endingen
11999,AG,1911,Zurzach,4306,Fisibach
12091,AG,1911,Zurzach,4307,Full-Reuenthal
12672,AG,1911,Zurzach,4309,Klingnau
12685,AG,1911,Zurzach,4310,Koblenz
12694,AG,1911,Zurzach,4311,Leibstadt
12786,AG,1911,Zurzach,4312,Lengnau (AG)
12775,AG,1911,Zurzach,4313,Leuggern
12404,AG,1911,Zurzach,4314,Mellikon
13040,AG,1911,Zurzach,4318,Schneisingen
12987,AG,1911,Zurzach,4319,Siglistorf
10541,AG,1911,Zurzach,4320,Tegerfelden
16616,AG,1911,Zurzach,4324,Zurzach
15456,TG,2011,Arbon,4401,Arbon
15403,TG,2011,Arbon,4406,Dozwil
15402,TG,2011,Arbon,4411,Egnach
15406,TG,2011,Arbon,4416,Hefenhofen
15404,TG,2011,Arbon,4421,Horn
15409,TG,2011,Arbon,4426,Kesswil
15412,TG,2011,Arbon,4431,Roggwil (TG)
15411,TG,2011,Arbon,4436,Romanshorn
15413,TG,2011,Arbon,4441,Salmsach
15417,TG,2011,Arbon,4446,Sommeri
15397,TG,2011,Arbon,4451,Uttwil
15451,TG,2011,Arbon,4461,Amriswil
15449,TG,2015,Weinfelden,4471,Bischofszell
15427,TG,2015,Weinfelden,4476,Erlen
15446,TG,2015,Weinfelden,4486,Hauptwil-Gottshaus
15466,TG,2015,Weinfelden,4495,Hohentannen
15448,TG,2015,Weinfelden,4501,Kradolf-Schonenberg
15450,TG,2015,Weinfelden,4506,Sulgen
15452,TG,2015,Weinfelden,4511,Zihlschlacht-Sitterdorf
15468,TG,2012,Frauenfeld,4536,Basadingen-Schlattingen
15473,TG,2012,Frauenfeld,4545,Diessenhofen
15467,TG,2012,Frauenfeld,4546,Schlatt (TG)
15442,TG,2014,Munchwilen,4551,Aadorf
15423,TG,2012,Frauenfeld,4561,Felben-Wellhausen
15458,TG,2012,Frauenfeld,4566,Frauenfeld
15457,TG,2012,Frauenfeld,4571,Gachnang
15469,TG,2012,Frauenfeld,4590,Huttlingen
15410,TG,2012,Frauenfeld,4591,Matzingen
15447,TG,2012,Frauenfeld,4601,Neunforn
15396,TG,2012,Frauenfeld,4606,Stettfurt
15429,TG,2012,Frauenfeld,4611,Thundorf
15431,TG,2012,Frauenfeld,4616,Uesslingen-Buch
15430,TG,2012,Frauenfeld,4621,Warth-Weiningen
15398,TG,2013,Kreuzlingen,4641,Altnau
15425,TG,2013,Kreuzlingen,4643,Bottighofen
15421,TG,2013,Kreuzlingen,4646,Ermatingen
15401,TG,2013,Kreuzlingen,4651,Gottlieben
15400,TG,2013,Kreuzlingen,4656,Guttingen
15445,TG,2013,Kreuzlingen,4666,Kemmental
15408,TG,2013,Kreuzlingen,4671,Kreuzlingen
15459,TG,2013,Kreuzlingen,4681,Langrickenbach
15460,TG,2013,Kreuzlingen,4683,Lengwil
15426,TG,2013,Kreuzlingen,4691,Munsterlingen
15394,TG,2013,Kreuzlingen,4696,Tagerwilen
15432,TG,2013,Kreuzlingen,4701,Waldi
15433,TG,2015,Weinfelden,4711,Affeltrangen
15434,TG,2014,Munchwilen,4716,Bettwiesen
15443,TG,2014,Munchwilen,4721,Bichelsee-Balterswil
15470,TG,2014,Munchwilen,4723,Braunau
15454,TG,2014,Munchwilen,4724,Eschlikon
15419,TG,2014,Munchwilen,4726,Fischingen
15435,TG,2014,Munchwilen,4741,Lommis
15407,TG,2014,Munchwilen,4746,Munchwilen (TG)
15463,TG,2014,Munchwilen,4751,Rickenbach (TG)
15415,TG,2015,Weinfelden,4756,Schonholzerswilen
15453,TG,2014,Munchwilen,4761,Sirnach
15471,TG,2014,Munchwilen,4776,Tobel-Tagerschen
15441,TG,2014,Munchwilen,4781,Wangi
15462,TG,2014,Munchwilen,4786,Wilen (TG)
15418,TG,2015,Weinfelden,4791,Wuppenau
15399,TG,2012,Frauenfeld,4801,Berlingen
15405,TG,2012,Frauenfeld,4806,Eschenz
15464,TG,2012,Frauenfeld,4811,Herdern
15472,TG,2012,Frauenfeld,4816,Homburg
15455,TG,2012,Frauenfeld,4821,Huttwilen
15424,TG,2012,Frauenfeld,4826,Mammern
15416,TG,2012,Frauenfeld,4831,Mullheim
15465,TG,2012,Frauenfeld,4841,Pfyn
15414,TG,2013,Kreuzlingen,4846,Raperswilen
15422,TG,2013,Kreuzlingen,4851,Salenstein
15395,TG,2012,Frauenfeld,4864,Steckborn
15440,TG,2012,Frauenfeld,4871,Wagenhausen
15436,TG,2015,Weinfelden,4881,Amlikon-Bissegg
15461,TG,2015,Weinfelden,4891,Berg (TG)
15438,TG,2015,Weinfelden,4901,Birwinken
15428,TG,2015,Weinfelden,4911,Burglen (TG)
15444,TG,2015,Weinfelden,4921,Bussnang
15420,TG,2015,Weinfelden,4941,Marstetten
15437,TG,2015,Weinfelden,4946,Weinfelden
15439,TG,2015,Weinfelden,4951,Wigoltingen
11768,TI,2101,Bellinzona,5001,Arbedo-Castione
16078,TI,2101,Bellinzona,5002,Bellinzona
14518,TI,2101,Bellinzona,5003,Cadenazzo
12665,TI,2101,Bellinzona,5009,Isone
12725,TI,2101,Bellinzona,5010,Lumino
13012,TI,2101,Bellinzona,5017,Sant'Antonino
14492,TI,2102,Blenio,5048,Acquarossa
14918,TI,2102,Blenio,5049,Blenio
15509,TI,2102,Blenio,5050,Serravalle
11719,TI,2103,Leventina,5061,Airolo
11872,TI,2103,Leventina,5063,Bedretto
11815,TI,2103,Leventina,5064,Bodio
11579,TI,2103,Leventina,5071,Dalpe
15685,TI,2103,Leventina,5072,Faido
12066,TI,2103,Leventina,5073,Giornico
13153,TI,2103,Leventina,5076,Personico
13084,TI,2103,Leventina,5077,Pollegio
13099,TI,2103,Leventina,5078,Prato (Leventina)
13092,TI,2103,Leventina,5079,Quinto
11673,TI,2104,Locarno,5091,Ascona
11832,TI,2104,Locarno,5096,Brione sopra Minusio
11833,TI,2104,Locarno,5097,Brissago
12051,TI,2104,Locarno,5108,Gordola
16588,TI,2104,Locarno,5112,Lavertezzo
12828,TI,2104,Locarno,5113,Locarno
12807,TI,2104,Locarno,5115,Losone
12393,TI,2104,Locarno,5117,Mergoscia
12436,TI,2104,Locarno,5118,Minusio
12463,TI,2104,Locarno,5120,Muralto
13135,TI,2104,Locarno,5121,Orselina
12922,TI,2104,Locarno,5125,Ronco sopra Ascona
10558,TI,2104,Locarno,5131,Tenero-Contra
15686,TI,2104,Locarno,5136,Onsernone
16587,TI,2104,Locarno,5138,Cugnasco-Gerra
11722,TI,2105,Lugano,5141,Agno
11757,TI,2105,Lugano,5143,Aranno
11703,TI,2105,Lugano,5144,Arogno
11684,TI,2105,Lugano,5146,Astano
11902,TI,2105,Lugano,5148,Bedano
11770,TI,2105,Lugano,5149,Bedigliora
14939,TI,2105,Lugano,5151,Bioggio
11806,TI,2105,Lugano,5154,Bissone
11475,TI,2105,Lugano,5160,Brusino Arsizio
11492,TI,2105,Lugano,5161,Cademario
11484,TI,2105,Lugano,5162,Cadempino
11404,TI,2105,Lugano,5167,Canobbio
11413,TI,2105,Lugano,5171,Caslano
11616,TI,2105,Lugano,5176,Comano
11570,TI,2105,Lugano,5180,Cureglia
11571,TI,2105,Lugano,5181,Curio
12042,TI,2105,Lugano,5186,Grancia
12118,TI,2105,Lugano,5187,Gravesano
12623,TI,2105,Lugano,5189,Lamone
15628,TI,2105,Lugano,5192,Lugano
12714,TI,2105,Lugano,5193,Magliaso
12765,TI,2105,Lugano,5194,Manno
12749,TI,2105,Lugano,5196,Massagno
12388,TI,2105,Lugano,5198,Melide
12442,TI,2105,Lugano,5199,Mezzovico-Vira
12420,TI,2105,Lugano,5200,Miglieglia
12331,TI,2105,Lugano,5203,Morcote
12531,TI,2105,Lugano,5205,Muzzano
12539,TI,2105,Lugano,5206,Neggio
12564,TI,2105,Lugano,5207,Novaggio
12488,TI,2105,Lugano,5208,Origlio
13116,TI,2105,Lugano,5210,Paradiso
13138,TI,2105,Lugano,5212,Ponte Capriasca
13073,TI,2105,Lugano,5214,Porza
13093,TI,2105,Lugano,5216,Pura
13059,TI,2105,Lugano,5221,Savosa
10415,TI,2105,Lugano,5225,Sorengo
14938,TI,2105,Lugano,5226,Capriasca
10880,TI,2105,Lugano,5227,Torricella-Taverne
10916,TI,2105,Lugano,5230,Vernate
10943,TI,2105,Lugano,5231,Vezia
10755,TI,2105,Lugano,5233,Vico Morcote
15512,TI,2105,Lugano,5236,Collina d'Oro
14519,TI,2105,Lugano,5237,Alto Malcantone
15392,TI,2105,Lugano,5238,Monteceneri
16611,TI,2105,Lugano,5239,Tresa
16619,TI,2105,Lugano,5240,Val Mara
11707,TI,2106,Mendrisio,5242,Balerna
14499,TI,2106,Mendrisio,5249,Castel San Pietro
13251,TI,2106,Mendrisio,5250,Chiasso
11594,TI,2106,Mendrisio,5251,Coldrerio
15630,TI,2106,Mendrisio,5254,Mendrisio
12329,TI,2106,Mendrisio,5257,Morbio Inferiore
12544,TI,2106,Mendrisio,5260,Novazzano
12904,TI,2106,Mendrisio,5263,Riva San Vitale
10381,TI,2106,Mendrisio,5266,Stabio
10930,TI,2106,Mendrisio,5268,Vacallo
14974,TI,2106,Mendrisio,5269,Breggia
11904,TI,2107,Riviera,5281,Biasca
16079,TI,2107,Riviera,5287,Riviera
11798,TI,2108,Vallemaggia,5304,Bosco/Gurin
11402,TI,2108,Vallemaggia,5307,Campo (Vallemaggia)
11388,TI,2108,Vallemaggia,5309,Cerentino
14919,TI,2108,Vallemaggia,5310,Cevio
12814,TI,2108,Vallemaggia,5315,Linescio
14495,TI,2108,Vallemaggia,5317,Maggia
14497,TI,2108,Vallemaggia,5323,Lavizzara
14940,TI,2108,Vallemaggia,5324,Avegno Gordevio
15627,TI,2104,Locarno,5396,Terre di Pedemonte
14973,TI,2104,Locarno,5397,Centovalli
15391,TI,2104,Locarno,5398,Gambarogno
16589,TI,2104,Locarno,5399,Verzasca
14540,VD,2221,Aigle,5401,Aigle
14541,VD,2221,Aigle,5402,Bex
14808,VD,2221,Aigle,5403,Chessel
14793,VD,2221,Aigle,5404,Corbeyrier
14747,VD,2221,Aigle,5405,Gryon
14645,VD,2221,Aigle,5406,Lavey-Morcles
14625,VD,2221,Aigle,5407,Leysin
14620,VD,2221,Aigle,5408,Noville
14663,VD,2221,Aigle,5409,Ollon
14670,VD,2221,Aigle,5410,Ormont-Dessous
14669,VD,2221,Aigle,5411,Ormont-Dessus
14616,VD,2221,Aigle,5412,Rennaz
14603,VD,2221,Aigle,5413,Roche (VD)
14914,VD,2221,Aigle,5414,Villeneuve (VD)
14911,VD,2221,Aigle,5415,Yvorne
16600,VD,2227,Morges,5422,Aubonne
14784,VD,2227,Morges,5423,Ballens
14763,VD,2227,Morges,5424,Berolle
14757,VD,2227,Morges,5425,Biere
14764,VD,2227,Morges,5426,Bougy-Villars
14743,VD,2227,Morges,5427,Fechy
14730,VD,2227,Morges,5428,Gimel
14624,VD,2228,Nyon,5429,Longirod
14631,VD,2228,Nyon,5430,Marchissy
14679,VD,2227,Morges,5431,Mollens (VD)
14615,VD,2228,Nyon,5434,Saint-George
14601,VD,2227,Morges,5435,Saint-Livres
14586,VD,2227,Morges,5436,Saint-Oyens
14583,VD,2227,Morges,5437,Saubraz
15487,VD,2222,Broye-Vully,5451,Avenches
14546,VD,2222,Broye-Vully,5456,Cudrefin
14749,VD,2222,Broye-Vully,5458,Faoug
15488,VD,2222,Broye-Vully,5464,Vully-les-Lacs
14755,VD,2223,Gros-de-Vaud,5471,Bettens
14766,VD,2223,Gros-de-Vaud,5472,Bournens
14765,VD,2223,Gros-de-Vaud,5473,Boussens
14651,VD,2227,Morges,5474,La Chaux (Cossonay)
14853,VD,2227,Morges,5475,Chavannes-le-Veyron
14814,VD,2227,Morges,5476,Chevilly
14828,VD,2227,Morges,5477,Cossonay
14830,VD,2227,Morges,5479,Cuarnens
14819,VD,2223,Gros-de-Vaud,5480,Daillens
14854,VD,2227,Morges,5481,Dizy
14716,VD,2227,Morges,5482,Eclepens
14746,VD,2227,Morges,5483,Ferreyres
14734,VD,2227,Morges,5484,Gollion
14736,VD,2227,Morges,5485,Grancy
14652,VD,2227,Morges,5486,L'Isle
14547,VD,2223,Gros-de-Vaud,5487,Lussery-Villars
14683,VD,2227,Morges,5488,Mauraz
14676,VD,2223,Gros-de-Vaud,5489,Mex (VD)
14681,VD,2227,Morges,5490,Moiry
14686,VD,2227,Morges,5491,Mont-la-Ville
14695,VD,2227,Morges,5492,Montricher
14668,VD,2227,Morges,5493,Orny
14555,VD,2223,Gros-de-Vaud,5495,Penthalaz
14556,VD,2223,Gros-de-Vaud,5496,Penthaz
14578,VD,2227,Morges,5497,Pompaples
14657,VD,2227,Morges,5498,La Sarraz
14594,VD,2227,Morges,5499,Senarclens
14900,VD,2223,Gros-de-Vaud,5501,Sullens
14908,VD,2223,Gros-de-Vaud,5503,Vufflens-la-Ville
16613,VD,2223,Gros-de-Vaud,5511,Assens
14552,VD,2223,Gros-de-Vaud,5512,Bercher
14771,VD,2223,Gros-de-Vaud,5514,Bottens
14772,VD,2223,Gros-de-Vaud,5515,Bretigny-sur-Morrens
14825,VD,2223,Gros-de-Vaud,5516,Cugy (VD)
14717,VD,2223,Gros-de-Vaud,5518,Echallens
14708,VD,2223,Gros-de-Vaud,5520,Essertines-sur-Yverdon
14702,VD,2223,Gros-de-Vaud,5521,Etagnieres
14744,VD,2223,Gros-de-Vaud,5522,Fey
14748,VD,2223,Gros-de-Vaud,5523,Froideville
14687,VD,2223,Gros-de-Vaud,5527,Morrens (VD)
14562,VD,2223,Gros-de-Vaud,5529,Oulens-sous-Echallens
14565,VD,2223,Gros-de-Vaud,5530,Pailly
14557,VD,2223,Gros-de-Vaud,5531,Penthereaz
14577,VD,2223,Gros-de-Vaud,5533,Poliez-Pittet
14619,VD,2223,Gros-de-Vaud,5534,Rueyres
14612,VD,2223,Gros-de-Vaud,5535,Saint-Barthelemy (VD)
14887,VD,2223,Gros-de-Vaud,5537,Villars-le-Terroir
14910,VD,2223,Gros-de-Vaud,5539,Vuarrens
15489,VD,2223,Gros-de-Vaud,5540,Montilliez
15490,VD,2223,Gros-de-Vaud,5541,Goumoens
14777,VD,2224,Jura-Nord vaudois,5551,Bonvillars
14843,VD,2224,Jura-Nord vaudois,5552,Bullet
14848,VD,2224,Jura-Nord vaudois,5553,Champagne
14798,VD,2224,Jura-Nord vaudois,5554,Concise
14804,VD,2224,Jura-Nord vaudois,5555,Corcelles-pres-Concise
14742,VD,2224,Jura-Nord vaudois,5556,Fiez
14751,VD,2224,Jura-Nord vaudois,5557,Fontaines-sur-Grandson
14741,VD,2224,Jura-Nord vaudois,5559,Giez
14732,VD,2224,Jura-Nord vaudois,5560,Grandevent
14725,VD,2224,Jura-Nord vaudois,5561,Grandson
14633,VD,2224,Jura-Nord vaudois,5562,Mauborget
14661,VD,2224,Jura-Nord vaudois,5563,Mutrux
14617,VD,2224,Jura-Nord vaudois,5564,Novalles
14672,VD,2224,Jura-Nord vaudois,5565,Onnens (VD)
14572,VD,2224,Jura-Nord vaudois,5566,Provence
14591,VD,2224,Jura-Nord vaudois,5568,Sainte-Croix
15492,VD,2224,Jura-Nord vaudois,5571,Tevenon
14760,VD,2226,Lavaux-Oron,5581,Belmont-sur-Lausanne
14810,VD,2225,Lausanne,5582,Cheseaux-sur-Lausanne
14832,VD,2229,Ouest lausannois,5583,Crissier
14701,VD,2225,Lausanne,5584,Epalinges
14644,VD,2225,Lausanne,5585,Jouxtens-Mezery
14649,VD,2225,Lausanne,5586,Lausanne
14647,VD,2225,Lausanne,5587,Le Mont-sur-Lausanne
14568,VD,2226,Lavaux-Oron,5588,Paudex
14575,VD,2229,Ouest lausannois,5589,Prilly
14574,VD,2226,Lavaux-Oron,5590,Pully
14580,VD,2229,Ouest lausannois,5591,Renens (VD)
14605,VD,2225,Lausanne,5592,Romanel-sur-Lausanne
14806,VD,2226,Lavaux-Oron,5601,Chexbres
14753,VD,2226,Lavaux-Oron,5604,Forel (Lavaux)
14640,VD,2226,Lavaux-Oron,5606,Lutry
14573,VD,2226,Lavaux-Oron,5607,Puidoux
14602,VD,2226,Lavaux-Oron,5609,Rivaz
14588,VD,2226,Lavaux-Oron,5610,Saint-Saphorin (Lavaux)
14584,VD,2226,Lavaux-Oron,5611,Savigny
15493,VD,2226,Lavaux-Oron,5613,Bourg-en-Lavaux
14781,VD,2227,Morges,5621,Aclens
14770,VD,2227,Morges,5622,Bremblens
14844,VD,2227,Morges,5623,Buchillon
15651,VD,2229,Ouest lausannois,5624,Bussigny
14860,VD,2229,Ouest lausannois,5627,Chavannes-pres-Renens
14815,VD,2227,Morges,5628,Chigny
14816,VD,2227,Morges,5629,Clarmont
14824,VD,2227,Morges,5631,Denens
14822,VD,2227,Morges,5632,Denges
14718,VD,2227,Morges,5633,Echandens
15494,VD,2227,Morges,5634,Echichens
14721,VD,2229,Ouest lausannois,5635,Ecublens (VD)
14703,VD,2227,Morges,5636,Etoy
14650,VD,2227,Morges,5637,Lavigny
14622,VD,2227,Morges,5638,Lonay
14636,VD,2227,Morges,5639,Lully (VD)
14637,VD,2227,Morges,5640,Lussy-sur-Morges
14690,VD,2227,Morges,5642,Morges
14570,VD,2227,Morges,5643,Preverenges
14606,VD,2227,Morges,5645,Romanel-sur-Morges
14587,VD,2227,Morges,5646,Saint-Prex
14590,VD,2229,Ouest lausannois,5648,Saint-Sulpice (VD)
14880,VD,2227,Morges,5649,Tolochenaz
14874,VD,2227,Morges,5650,Vaux-sur-Morges
14885,VD,2229,Ouest lausannois,5651,Villars-Sainte-Croix
14882,VD,2227,Morges,5652,Villars-sous-Yens
14907,VD,2227,Morges,5653,Vufflens-le-Chateau
14901,VD,2227,Morges,5654,Vullierens
14913,VD,2227,Morges,5655,Yens
16612,VD,2227,Morges,5656,Hautemorges
14767,VD,2223,Gros-de-Vaud,5661,Boulens
14841,VD,2222,Broye-Vully,5663,Bussy-sur-Moudon
14856,VD,2222,Broye-Vully,5665,Chavannes-sur-Moudon
14821,VD,2222,Broye-Vully,5669,Curtilles
14715,VD,2222,Broye-Vully,5671,Dompierre (VD)
14698,VD,2222,Broye-Vully,5673,Hermenches
14623,VD,2222,Broye-Vully,5674,Lovatens
16073,VD,2222,Broye-Vully,5675,Lucens
14685,VD,2222,Broye-Vully,5678,Moudon
14665,VD,2223,Gros-de-Vaud,5680,Ogens
14571,VD,2222,Broye-Vully,5683,Prevonloup
14611,VD,2222,Broye-Vully,5684,Rossenges
14898,VD,2222,Broye-Vully,5688,Syens
14888,VD,2222,Broye-Vully,5690,Villars-le-Comte
14909,VD,2222,Broye-Vully,5692,Vucherens
15616,VD,2223,Gros-de-Vaud,5693,Montanaire
14779,VD,2228,Nyon,5701,Arnex-sur-Nyon
15652,VD,2228,Nyon,5702,Arzier-Le Muids
14788,VD,2228,Nyon,5703,Bassins
14761,VD,2228,Nyon,5704,Begnins
14776,VD,2228,Nyon,5705,Bogis-Bossey
14775,VD,2228,Nyon,5706,Borex
14859,VD,2228,Nyon,5707,Chavannes-de-Bogis
14858,VD,2228,Nyon,5708,Chavannes-des-Bois
14809,VD,2228,Nyon,5709,Cheserex
14817,VD,2228,Nyon,5710,Coinsins
14799,VD,2228,Nyon,5711,Commugny
14794,VD,2228,Nyon,5712,Coppet
16609,VD,2228,Nyon,5713,Crans (VD)
14835,VD,2228,Nyon,5714,Crassier
14711,VD,2228,Nyon,5715,Duillier
14706,VD,2228,Nyon,5716,Eysins
14750,VD,2228,Nyon,5717,Founex
14726,VD,2228,Nyon,5718,Genolier
14731,VD,2228,Nyon,5719,Gingins
14735,VD,2228,Nyon,5720,Givrins
14733,VD,2228,Nyon,5721,Gland
14728,VD,2228,Nyon,5722,Grens
14680,VD,2228,Nyon,5723,Mies
14659,VD,2228,Nyon,5724,Nyon
14582,VD,2228,Nyon,5725,Prangins
14658,VD,2228,Nyon,5726,La Rippe
14613,VD,2228,Nyon,5727,Saint-Cergue
14598,VD,2228,Nyon,5728,Signy-Avenex
14897,VD,2228,Nyon,5729,Tannay
14879,VD,2228,Nyon,5730,Trelex
14639,VD,2228,Nyon,5731,Le Vaud
14892,VD,2228,Nyon,5732,Vich
14653,VD,2224,Jura-Nord vaudois,5741,L'Abergement
14783,VD,2224,Jura-Nord vaudois,5742,Agiez
14778,VD,2224,Jura-Nord vaudois,5743,Arnex-sur-Orbe
14785,VD,2224,Jura-Nord vaudois,5744,Ballaigues
14787,VD,2224,Jura-Nord vaudois,5745,Baulmes
14786,VD,2224,Jura-Nord vaudois,5746,Bavois
14773,VD,2224,Jura-Nord vaudois,5747,Bofflens
14769,VD,2224,Jura-Nord vaudois,5748,Bretonnieres
16074,VD,2224,Jura-Nord vaudois,5749,Chavornay
14627,VD,2224,Jura-Nord vaudois,5750,Les Clees
14831,VD,2224,Jura-Nord vaudois,5752,Croy
14643,VD,2224,Jura-Nord vaudois,5754,Juriens
14621,VD,2224,Jura-Nord vaudois,5755,Lignerolle
14689,VD,2224,Jura-Nord vaudois,5756,Montcherand
14673,VD,2224,Jura-Nord vaudois,5757,Orbe
14655,VD,2224,Jura-Nord vaudois,5758,La Praz
14569,VD,2224,Jura-Nord vaudois,5759,Premier
14553,VD,2224,Jura-Nord vaudois,5760,Rances
14549,VD,2224,Jura-Nord vaudois,5761,Romainmotier-Envy
14595,VD,2224,Jura-Nord vaudois,5762,Sergey
14868,VD,2224,Jura-Nord vaudois,5763,Valeyres-sous-Rances
14866,VD,2224,Jura-Nord vaudois,5764,Vallorbe
14873,VD,2224,Jura-Nord vaudois,5765,Vaulion
14903,VD,2224,Jura-Nord vaudois,5766,Vuiteboeuf
14792,VD,2222,Broye-Vully,5785,Corcelles-le-Jorat
14545,VD,2226,Lavaux-Oron,5790,Maracon
14697,VD,2226,Lavaux-Oron,5792,Montpreveyres
14607,VD,2222,Broye-Vully,5798,Ropraz
15505,VD,2226,Lavaux-Oron,5799,Servion
14902,VD,2222,Broye-Vully,5803,Vulliens
15491,VD,2223,Gros-de-Vaud,5804,Jorat-Menthue
16617,VD,2226,Lavaux-Oron,5805,Oron
15687,VD,2226,Lavaux-Oron,5806,Jorat-Mezieres
14852,VD,2222,Broye-Vully,5812,Champtauroz
14807,VD,2222,Broye-Vully,5813,Chevroux
14805,VD,2222,Broye-Vully,5816,Corcelles-pres-Payerne
14729,VD,2222,Broye-Vully,5817,Grandcour
14707,VD,2222,Broye-Vully,5819,Henniez
14682,VD,2222,Broye-Vully,5821,Missy
14560,VD,2222,Broye-Vully,5822,Payerne
14877,VD,2222,Broye-Vully,5827,Trey
14881,VD,2222,Broye-Vully,5828,Treytorrens (Payerne)
14542,VD,2222,Broye-Vully,5830,Villarzel
15496,VD,2222,Broye-Vully,5831,Valbroye
14845,VD,2230,Riviera-Pays-d'Enhaut,5841,Chateau-d'Oex
14609,VD,2230,Riviera-Pays-d'Enhaut,5842,Rossiniere
14618,VD,2230,Riviera-Pays-d'Enhaut,5843,Rougemont
14782,VD,2227,Morges,5851,Allaman
14837,VD,2228,Nyon,5852,Bursinel
14840,VD,2228,Nyon,5853,Bursins
14842,VD,2228,Nyon,5854,Burtigny
14712,VD,2228,Nyon,5855,Dully
14704,VD,2228,Nyon,5856,Essertines-sur-Rolle
14739,VD,2228,Nyon,5857,Gilly
14638,VD,2228,Nyon,5858,Luins
14694,VD,2228,Nyon,5859,Mont-sur-Rolle
14558,VD,2228,Nyon,5860,Perroy
14604,VD,2228,Nyon,5861,Rolle
14894,VD,2228,Nyon,5862,Tartegnin
14916,VD,2228,Nyon,5863,Vinzel
14654,VD,2224,Jura-Nord vaudois,5871,L'Abbaye
14646,VD,2224,Jura-Nord vaudois,5872,Le Chenit
14648,VD,2224,Jura-Nord vaudois,5873,Le Lieu
14846,VD,2230,Riviera-Pays-d'Enhaut,5882,Chardonne
14802,VD,2230,Riviera-Pays-d'Enhaut,5883,Corseaux
14833,VD,2230,Riviera-Pays-d'Enhaut,5884,Corsier-sur-Vevey
14642,VD,2230,Riviera-Pays-d'Enhaut,5885,Jongny
14550,VD,2230,Riviera-Pays-d'Enhaut,5886,Montreux
14656,VD,2230,Riviera-Pays-d'Enhaut,5889,La Tour-de-Peilz
14872,VD,2230,Riviera-Pays-d'Enhaut,5890,Vevey
14876,VD,2230,Riviera-Pays-d'Enhaut,5891,Veytaux
16618,VD,2230,Riviera-Pays-d'Enhaut,5892,Blonay - Saint-Legier
14759,VD,2224,Jura-Nord vaudois,5902,Belmont-sur-Yverdon
14756,VD,2224,Jura-Nord vaudois,5903,Bioley-Magnoux
14864,VD,2224,Jura-Nord vaudois,5904,Chamblon
15506,VD,2224,Jura-Nord vaudois,5905,Champvent
14857,VD,2224,Jura-Nord vaudois,5907,Chavannes-le-Chene
14862,VD,2224,Jura-Nord vaudois,5908,Chene-Paquier
14811,VD,2224,Jura-Nord vaudois,5909,Cheseaux-Noreaz
14836,VD,2224,Jura-Nord vaudois,5910,Cronay
14829,VD,2224,Jura-Nord vaudois,5911,Cuarny
14820,VD,2224,Jura-Nord vaudois,5912,Demoret
15507,VD,2224,Jura-Nord vaudois,5913,Donneloye
14699,VD,2224,Jura-Nord vaudois,5914,Ependes (VD)
14634,VD,2224,Jura-Nord vaudois,5919,Mathod
14678,VD,2224,Jura-Nord vaudois,5921,Molondin
14691,VD,2224,Jura-Nord vaudois,5922,Montagny-pres-Yverdon
14666,VD,2223,Gros-de-Vaud,5923,Oppens
14671,VD,2224,Jura-Nord vaudois,5924,Orges
14563,VD,2224,Jura-Nord vaudois,5925,Orzens
14579,VD,2224,Jura-Nord vaudois,5926,Pomy
14544,VD,2224,Jura-Nord vaudois,5928,Rovray
14896,VD,2224,Jura-Nord vaudois,5929,Suchy
14899,VD,2224,Jura-Nord vaudois,5930,Suscevaz
14878,VD,2224,Jura-Nord vaudois,5931,Treycovagnes
14870,VD,2224,Jura-Nord vaudois,5932,Ursins
14869,VD,2224,Jura-Nord vaudois,5933,Valeyres-sous-Montagny
14871,VD,2224,Jura-Nord vaudois,5934,Valeyres-sous-Ursins
14883,VD,2224,Jura-Nord vaudois,5935,Villars-Epeney
14906,VD,2224,Jura-Nord vaudois,5937,Vugelles-La Mothe
15497,VD,2224,Jura-Nord vaudois,5938,Yverdon-les-Bains
14912,VD,2224,Jura-Nord vaudois,5939,Yvonand
13228,VS,2301,Brig,6002,Brig-Glis
12132,VS,2301,Brig,6004,Eggerberg
15617,VS,2301,Brig,6007,Naters
13759,VS,2301,Brig,6008,Ried-Brig
12984,VS,2301,Brig,6009,Simplon
10560,VS,2301,Brig,6010,Termen
10159,VS,2301,Brig,6011,Zwischbergen
11763,VS,2302,Conthey,6021,Ardon
11418,VS,2302,Conthey,6022,Chamoson
11635,VS,2302,Conthey,6023,Conthey
12518,VS,2302,Conthey,6024,Nendaz
10923,VS,2302,Conthey,6025,Vetroz
11846,VS,2303,Entremont,6032,Bourg-Saint-Pierre
12790,VS,2303,Entremont,6033,Liddes
13134,VS,2303,Entremont,6034,Orsieres
13002,VS,2303,Entremont,6035,Sembrancher
16601,VS,2303,Entremont,6037,Val de Bagnes
11883,VS,2304,Goms,6052,Bellwald
11892,VS,2304,Goms,6054,Binn
14504,VS,2304,Goms,6056,Ernen
12018,VS,2304,Goms,6057,Fiesch
12017,VS,2304,Goms,6058,Fieschertal
12609,VS,2304,Goms,6061,Lax
14958,VS,2304,Goms,6076,Obergoms
16075,VS,2304,Goms,6077,Goms
11666,VS,2305,Herens,6082,Ayent
12255,VS,2305,Herens,6083,Evolene
12298,VS,2305,Herens,6084,Heremence
13032,VS,2305,Herens,6087,Saint-Martin (VS)
10925,VS,2305,Herens,6089,Vex
15485,VS,2305,Herens,6090,Mont-Noble
11720,VS,2306,Leuk,6101,Agarn
11730,VS,2306,Leuk,6102,Albinen
12307,VS,2306,Leuk,6104,Ergisch
12656,VS,2306,Leuk,6109,Inden
15618,VS,2306,Leuk,6110,Leuk
12777,VS,2306,Leuk,6111,Leukerbad
12464,VS,2306,Leuk,6112,Oberems
13035,VS,2306,Leuk,6113,Salgesch
10938,VS,2306,Leuk,6116,Varen
14133,VS,2306,Leuk,6117,Guttet-Feschel
14959,VS,2306,Leuk,6118,Gampel-Bratsch
15619,VS,2306,Leuk,6119,Turtmann-Unterems
11850,VS,2307,Martigny,6131,Bovernier
12089,VS,2307,Martigny,6133,Fully
12663,VS,2307,Martigny,6134,Iserables
12767,VS,2307,Martigny,6135,Leytron
16602,VS,2307,Martigny,6136,Martigny
12756,VS,2307,Martigny,6137,Martigny-Combe
12917,VS,2307,Martigny,6139,Riddes
12871,VS,2307,Martigny,6140,Saillon
13058,VS,2307,Martigny,6141,Saxon
10891,VS,2307,Martigny,6142,Trient
11415,VS,2308,Monthey,6151,Champery
11596,VS,2308,Monthey,6152,Collombey-Muraz
12323,VS,2308,Monthey,6153,Monthey
13075,VS,2308,Monthey,6154,Port-Valais
12863,VS,2308,Monthey,6155,Saint-Gingolph
10897,VS,2308,Monthey,6156,Troistorrents
10933,VS,2308,Monthey,6157,Val-d'Illiez
10078,VS,2308,Monthey,6158,Vionnaz
10372,VS,2308,Monthey,6159,Vouvry
11807,VS,2309,Raron,6172,Bister
11808,VS,2309,Raron,6173,Bitsch
12079,VS,2309,Raron,6177,Grengiols
14468,VS,2309,Raron,6181,Riederalp
11675,VS,2309,Raron,6191,Ausserberg
11818,VS,2309,Raron,6192,Blatten
11485,VS,2309,Raron,6193,Burchen
12151,VS,2309,Raron,6194,Eischoll
11995,VS,2309,Raron,6195,Ferden
12686,VS,2309,Raron,6197,Kippel
12511,VS,2309,Raron,6198,Niedergesteln
13162,VS,2309,Raron,6199,Raron
10860,VS,2309,Raron,6201,Unterbach
10337,VS,2309,Raron,6202,Wiler (Lotschen)
14960,VS,2309,Raron,6203,Morel-Filet
14961,VS,2309,Raron,6204,Steg-Hohtenn
15649,VS,2309,Raron,6205,Bettmeralp
11598,VS,2310,Saint-Maurice,6211,Collonges
12207,VS,2310,Saint-Maurice,6212,Dorenaz
12256,VS,2310,Saint-Maurice,6213,Evionnaz
12010,VS,2310,Saint-Maurice,6214,Finhaut
12741,VS,2310,Saint-Maurice,6215,Massongex
15620,VS,2310,Saint-Maurice,6217,Saint-Maurice
13016,VS,2310,Saint-Maurice,6218,Salvan
10917,VS,2310,Saint-Maurice,6219,Vernayaz
10919,VS,2310,Saint-Maurice,6220,Verossaz
11396,VS,2311,Sierre,6232,Chalais
11610,VS,2311,Sierre,6235,Chippis
12044,VS,2311,Sierre,6238,Grone
12187,VS,2311,Sierre,6239,Icogne
12797,VS,2311,Sierre,6240,Lens
12857,VS,2311,Sierre,6246,Saint-Leonard
13227,VS,2311,Sierre,6248,Sierre
14962,VS,2311,Sierre,6252,Anniviers
16077,VS,2311,Sierre,6253,Crans-Montana
16603,VS,2311,Sierre,6254,Noble-Contree
11758,VS,2312,Sion,6261,Arbaz
12094,VS,2312,Sion,6263,Grimisuat
13061,VS,2312,Sion,6265,Saviese
16076,VS,2312,Sion,6266,Sion
10907,VS,2312,Sion,6267,Veysonnaz
11714,VS,2313,Visp,6281,Baltschieder
12150,VS,2313,Visp,6282,Eisten
12293,VS,2313,Visp,6283,Embd
12040,VS,2313,Visp,6285,Grachen
12598,VS,2313,Visp,6286,Lalden
13180,VS,2313,Visp,6287,Randa
14927,VS,2313,Visp,6288,Saas-Almagell
14928,VS,2313,Visp,6289,Saas-Balen
14929,VS,2313,Visp,6290,Saas-Fee
14930,VS,2313,Visp,6291,Saas-Grund
10375,VS,2313,Visp,6292,St. Niklaus
10573,VS,2313,Visp,6293,Stalden (VS)
10574,VS,2313,Visp,6294,Staldenried
10555,VS,2313,Visp,6295,Tasch
10877,VS,2313,Visp,6296,Torbel
13226,VS,2313,Visp,6297,Visp
10419,VS,2313,Visp,6298,Visperterminen
10330,VS,2313,Visp,6299,Zeneggen
10315,VS,2313,Visp,6300,Zermatt
16089,NE,2400,Cant. de Neuchatel,6404,Boudry
16091,NE,2400,Cant. de Neuchatel,6408,Cortaillod
16093,NE,2400,Cant. de Neuchatel,6413,Rochefort
16094,NE,2400,Cant. de Neuchatel,6416,Milvignes
16121,NE,2400,Cant. de Neuchatel,6417,La Grande Beroche
16095,NE,2400,Cant. de Neuchatel,6421,La Chaux-de-Fonds
16096,NE,2400,Cant. de Neuchatel,6422,Les Planchettes
16097,NE,2400,Cant. de Neuchatel,6423,La Sagne
16099,NE,2400,Cant. de Neuchatel,6432,La Brevine
16100,NE,2400,Cant. de Neuchatel,6433,Brot-Plamboz
16101,NE,2400,Cant. de Neuchatel,6434,Le Cerneux-Pequignot
16102,NE,2400,Cant. de Neuchatel,6435,La Chaux-du-Milieu
16605,NE,2400,Cant. de Neuchatel,6436,Le Locle
16104,NE,2400,Cant. de Neuchatel,6437,Les Ponts-de-Martel
16105,NE,2400,Cant. de Neuchatel,6451,Cornaux
16106,NE,2400,Cant. de Neuchatel,6452,Cressier (NE)
16107,NE,2400,Cant. de Neuchatel,6453,Enges
16108,NE,2400,Cant. de Neuchatel,6454,Hauterive (NE)
16109,NE,2400,Cant. de Neuchatel,6455,Le Landeron
16110,NE,2400,Cant. de Neuchatel,6456,Lignieres
16604,NE,2400,Cant. de Neuchatel,6458,Neuchatel
16112,NE,2400,Cant. de Neuchatel,6459,Saint-Blaise
16113,NE,2400,Cant. de Neuchatel,6461,La Tene
16115,NE,2400,Cant. de Neuchatel,6487,Val-de-Ruz
16116,NE,2400,Cant. de Neuchatel,6504,La Cote-aux-Fees
16117,NE,2400,Cant. de Neuchatel,6511,Les Verrieres
16118,NE,2400,Cant. de Neuchatel,6512,Val-de-Travers
11726,GE,2500,Cant. de Geneve,6601,Aire-la-Ville
11776,GE,2500,Cant. de Geneve,6602,Anieres
11664,GE,2500,Cant. de Geneve,6603,Avully
11665,GE,2500,Cant. de Geneve,6604,Avusy
11692,GE,2500,Cant. de Geneve,6605,Bardonnex
11880,GE,2500,Cant. de Geneve,6606,Bellevue
11853,GE,2500,Cant. de Geneve,6607,Bernex
11400,GE,2500,Cant. de Geneve,6608,Carouge (GE)
11411,GE,2500,Cant. de Geneve,6609,Cartigny
11387,GE,2500,Cant. de Geneve,6610,Celigny
11439,GE,2500,Cant. de Geneve,6611,Chancy
11431,GE,2500,Cant. de Geneve,6612,Chene-Bougeries
11535,GE,2500,Cant. de Geneve,6613,Chene-Bourg
11586,GE,2500,Cant. de Geneve,6614,Choulex
11595,GE,2500,Cant. de Geneve,6615,Collex-Bossy
11597,GE,2500,Cant. de Geneve,6616,Collonge-Bellerive
11599,GE,2500,Cant. de Geneve,6617,Cologny
11651,GE,2500,Cant. de Geneve,6618,Confignon
11569,GE,2500,Cant. de Geneve,6619,Corsier (GE)
11582,GE,2500,Cant. de Geneve,6620,Dardagny
12099,GE,2500,Cant. de Geneve,6621,Geneve
12097,GE,2500,Cant. de Geneve,6622,Genthod
12606,GE,2500,Cant. de Geneve,6623,Le Grand-Saconnex
11959,GE,2500,Cant. de Geneve,6624,Gy
12296,GE,2500,Cant. de Geneve,6625,Hermance
12642,GE,2500,Cant. de Geneve,6626,Jussy
12575,GE,2500,Cant. de Geneve,6627,Laconnex
12624,GE,2500,Cant. de Geneve,6628,Lancy
12409,GE,2500,Cant. de Geneve,6629,Meinier
12430,GE,2500,Cant. de Geneve,6630,Meyrin
12484,GE,2500,Cant. de Geneve,6631,Onex
13155,GE,2500,Cant. de Geneve,6632,Perly-Certoux
13114,GE,2500,Cant. de Geneve,6633,Plan-les-Ouates
13110,GE,2500,Cant. de Geneve,6634,Pregny-Chambesy
13107,GE,2500,Cant. de Geneve,6635,Presinge
13094,GE,2500,Cant. de Geneve,6636,Puplinge
12872,GE,2500,Cant. de Geneve,6637,Russin
13051,GE,2500,Cant. de Geneve,6638,Satigny
10414,GE,2500,Cant. de Geneve,6639,Soral
10569,GE,2500,Cant. de Geneve,6640,Thonex
10896,GE,2500,Cant. de Geneve,6641,Troinex
10942,GE,2500,Cant. de Geneve,6642,Vandoeuvres
10918,GE,2500,Cant. de Geneve,6643,Vernier
10921,GE,2500,Cant. de Geneve,6644,Versoix
10902,GE,2500,Cant. de Geneve,6645,Veyrier
13273,JU,2601,Delemont,6702,Boecourt
13274,JU,2601,Delemont,6703,Bourrignon
13275,JU,2601,Delemont,6704,Chatillon (JU)
13277,JU,2601,Delemont,6706,Courchapoix
16127,JU,2601,Delemont,6708,Courrendlin
13280,JU,2601,Delemont,6709,Courroux
13281,JU,2601,Delemont,6710,Courtetelle
13282,JU,2601,Delemont,6711,Delemont
13283,JU,2601,Delemont,6712,Develier
13284,JU,2601,Delemont,6713,Ederswiler
13286,JU,2601,Delemont,6715,Mervelier
13680,JU,2601,Delemont,6716,Mettembert
13289,JU,2601,Delemont,6718,Movelier
13290,JU,2601,Delemont,6719,Pleigne
13292,JU,2601,Delemont,6721,Rossemaison
13293,JU,2601,Delemont,6722,Saulcy
13295,JU,2601,Delemont,6724,Soyhieres
15624,JU,2601,Delemont,6729,Haute-Sorne
16119,JU,2601,Delemont,6730,Val Terbi
13299,JU,2602,Les Franches-Montagnes,6741,Le Bemont (JU)
13300,JU,2602,Les Franches-Montagnes,6742,Les Bois
16624,JU,2602,Les Franches-Montagnes,6743,Les Breuleux
13303,JU,2602,Les Franches-Montagnes,6745,Les Enfers
13306,JU,2602,Les Franches-Montagnes,6748,Les Genevez (JU)
13308,JU,2602,Les Franches-Montagnes,6750,Lajoux (JU)
14967,JU,2602,Les Franches-Montagnes,6751,Montfaucon
14968,JU,2602,Les Franches-Montagnes,6753,Muriaux
13312,JU,2602,Les Franches-Montagnes,6754,Le Noirmont
14966,JU,2602,Les Franches-Montagnes,6757,Saignelegier
13316,JU,2602,Les Franches-Montagnes,6758,Saint-Brais
13317,JU,2602,Les Franches-Montagnes,6759,Soubey
13318,JU,2603,Porrentruy,6771,Alle
13320,JU,2603,Porrentruy,6773,Beurnevesin
13321,JU,2603,Porrentruy,6774,Boncourt
13322,JU,2603,Porrentruy,6775,Bonfol
13325,JU,2603,Porrentruy,6778,Bure
13328,JU,2603,Porrentruy,6781,Coeuve
13329,JU,2603,Porrentruy,6782,Cornol
13330,JU,2603,Porrentruy,6783,Courchavon
13331,JU,2603,Porrentruy,6784,Courgenay
13332,JU,2603,Porrentruy,6785,Courtedoux
13336,JU,2603,Porrentruy,6789,Fahy
15626,JU,2603,Porrentruy,6790,Fontenais
13339,JU,2603,Porrentruy,6792,Grandfontaine
13347,JU,2603,Porrentruy,6800,Porrentruy
13353,JU,2603,Porrentruy,6806,Vendlincourt
14970,JU,2603,Porrentruy,6807,Basse-Allaine
14965,JU,2603,Porrentruy,6808,Clos du Doubs
16120,JU,2603,Porrentruy,6809,Haute-Ajoie
14969,JU,2603,Porrentruy,6810,La Baroche
16627,JU,2603,Porrentruy,6811,Damphreux-Lugnez
